,frame.time,ip.proto,ip.src,ip.dst,tcp.srcport,tcp.dstport,tcp.stream,tcp.seq,tcp.flags,http.request.method,http.host,http.request.full_uri,http.request.version,http.user_agent,http.request.uri.query.parameter,http.request.uri.query,http.server,http.response.code,http.response.phrase
0,24-09-2019 10:55:57,6,192.168.43.238,192.168.43.182,54159,80,0,1,0x00000018,GET,192.168.43.182,http://192.168.43.182/sa/3204/logout.php,HTTP/1.1,"Mozilla/5.0 (Windows NT 10.0; Win64; x64) AppleWebKit/537.36 (KHTML, like Gecko) Chrome/77.0.3865.90 Safari/537.36",-,-,-,-,-
1,24-09-2019 10:55:57,6,192.168.43.238,192.168.43.182,54159,80,0,599,0x00000018,GET,192.168.43.182,http://192.168.43.182/sa/3204/login.php,HTTP/1.1,"Mozilla/5.0 (Windows NT 10.0; Win64; x64) AppleWebKit/537.36 (KHTML, like Gecko) Chrome/77.0.3865.90 Safari/537.36",-,-,-,-,-
2,24-09-2019 10:55:58,6,192.168.43.238,192.168.43.182,54159,80,0,1196,0x00000018,GET,192.168.43.182,http://192.168.43.182/sa/3204/vendor/bootstrap-4.1/bootstrap.min.css.map,HTTP/1.1,"Mozilla/5.0 (Windows NT 10.0; Win64; x64) AppleWebKit/537.36 (KHTML, like Gecko) Chrome/77.0.3865.90 Safari/537.36",-,-,-,-,-
3,24-09-2019 10:55:58,6,192.168.43.238,192.168.43.182,54161,80,2,1,0x00000018,GET,192.168.43.182,http://192.168.43.182/sa/3204/fonts/poppins/poppins-v5-latin-regular.woff2,HTTP/1.1,"Mozilla/5.0 (Windows NT 10.0; Win64; x64) AppleWebKit/537.36 (KHTML, like Gecko) Chrome/77.0.3865.90 Safari/537.36",-,-,-,-,-
4,24-09-2019 10:55:58,6,192.168.43.238,192.168.43.182,54163,80,4,1,0x00000018,GET,192.168.43.182,http://192.168.43.182/sa/3204/vendor/bootstrap-4.1/popper.min.js.map,HTTP/1.1,"Mozilla/5.0 (Windows NT 10.0; Win64; x64) AppleWebKit/537.36 (KHTML, like Gecko) Chrome/77.0.3865.90 Safari/537.36",-,-,-,-,-
5,24-09-2019 10:55:58,6,192.168.43.238,192.168.43.182,54162,80,3,1,0x00000018,GET,192.168.43.182,http://192.168.43.182/sa/3204/vendor/bootstrap-4.1/bootstrap.min.js.map,HTTP/1.1,"Mozilla/5.0 (Windows NT 10.0; Win64; x64) AppleWebKit/537.36 (KHTML, like Gecko) Chrome/77.0.3865.90 Safari/537.36",-,-,-,-,-
6,24-09-2019 10:55:58,6,192.168.43.238,192.168.43.182,54161,80,2,523,0x00000018,GET,192.168.43.182,http://192.168.43.182/sa/3204/fonts/poppins/poppins-v5-latin-regular.woff,HTTP/1.1,"Mozilla/5.0 (Windows NT 10.0; Win64; x64) AppleWebKit/537.36 (KHTML, like Gecko) Chrome/77.0.3865.90 Safari/537.36",-,-,-,-,-
7,24-09-2019 10:55:58,6,192.168.43.238,192.168.43.182,54161,80,2,1044,0x00000018,GET,192.168.43.182,http://192.168.43.182/sa/3204/fonts/poppins/poppins-v5-latin-regular.ttf,HTTP/1.1,"Mozilla/5.0 (Windows NT 10.0; Win64; x64) AppleWebKit/537.36 (KHTML, like Gecko) Chrome/77.0.3865.90 Safari/537.36",-,-,-,-,-
8,24-09-2019 10:56:01,6,192.168.43.238,192.168.43.182,54161,80,2,1564,0x00000018,POST,192.168.43.182,http://192.168.43.182/sa/3204/login.php,HTTP/1.1,"Mozilla/5.0 (Windows NT 10.0; Win64; x64) AppleWebKit/537.36 (KHTML, like Gecko) Chrome/77.0.3865.90 Safari/537.36",-,-,-,-,-
9,24-09-2019 10:56:01,6,192.168.43.238,192.168.43.182,54161,80,2,2314,0x00000018,GET,192.168.43.182,http://192.168.43.182/sa/3204/home.php,HTTP/1.1,"Mozilla/5.0 (Windows NT 10.0; Win64; x64) AppleWebKit/537.36 (KHTML, like Gecko) Chrome/77.0.3865.90 Safari/537.36",-,-,-,-,-
10,24-09-2019 10:56:02,6,192.168.43.238,192.168.43.182,54161,80,2,2932,0x00000018,GET,192.168.43.182,http://192.168.43.182/sa/3204/home.php,HTTP/1.1,"Mozilla/5.0 (Windows NT 10.0; Win64; x64) AppleWebKit/537.36 (KHTML, like Gecko) Chrome/77.0.3865.90 Safari/537.36",-,-,-,-,-
11,24-09-2019 10:56:02,6,192.168.43.238,192.168.43.182,54163,80,4,407,0x00000018,GET,192.168.43.182,http://192.168.43.182/sa/3204/vendor/bootstrap-4.1/bootstrap.min.css.map,HTTP/1.1,"Mozilla/5.0 (Windows NT 10.0; Win64; x64) AppleWebKit/537.36 (KHTML, like Gecko) Chrome/77.0.3865.90 Safari/537.36",-,-,-,-,-
12,24-09-2019 10:56:02,6,192.168.43.238,192.168.43.182,54161,80,2,3414,0x00000018,GET,192.168.43.182,http://192.168.43.182/sa/3204/vendor/bootstrap-4.1/popper.min.js.map,HTTP/1.1,"Mozilla/5.0 (Windows NT 10.0; Win64; x64) AppleWebKit/537.36 (KHTML, like Gecko) Chrome/77.0.3865.90 Safari/537.36",-,-,-,-,-
13,24-09-2019 10:56:02,6,192.168.43.238,192.168.43.182,54163,80,4,817,0x00000018,GET,192.168.43.182,http://192.168.43.182/sa/3204/vendor/bootstrap-4.1/bootstrap.min.js.map,HTTP/1.1,"Mozilla/5.0 (Windows NT 10.0; Win64; x64) AppleWebKit/537.36 (KHTML, like Gecko) Chrome/77.0.3865.90 Safari/537.36",-,-,-,-,-
14,24-09-2019 10:56:02,6,192.168.43.238,192.168.43.182,54162,80,3,410,0x00000018,GET,192.168.43.182,http://192.168.43.182/sa/3204/fonts/poppins/poppins-v5-latin-regular.woff2,HTTP/1.1,"Mozilla/5.0 (Windows NT 10.0; Win64; x64) AppleWebKit/537.36 (KHTML, like Gecko) Chrome/77.0.3865.90 Safari/537.36",-,-,-,-,-
15,24-09-2019 10:56:02,6,192.168.43.238,192.168.43.182,54159,80,0,1606,0x00000018,GET,192.168.43.182,http://192.168.43.182/sa/3204/fonts/poppins/poppins-v5-latin-500.woff2,HTTP/1.1,"Mozilla/5.0 (Windows NT 10.0; Win64; x64) AppleWebKit/537.36 (KHTML, like Gecko) Chrome/77.0.3865.90 Safari/537.36",-,-,-,-,-
16,24-09-2019 10:56:02,6,192.168.43.238,192.168.43.182,54161,80,2,3820,0x00000018,GET,192.168.43.182,http://192.168.43.182/sa/3204/fonts/poppins/poppins-v5-latin-700.woff2,HTTP/1.1,"Mozilla/5.0 (Windows NT 10.0; Win64; x64) AppleWebKit/537.36 (KHTML, like Gecko) Chrome/77.0.3865.90 Safari/537.36",-,-,-,-,-
17,24-09-2019 10:56:02,6,192.168.43.238,192.168.43.182,54161,80,2,4338,0x00000018,GET,192.168.43.182,http://192.168.43.182/sa/3204/fonts/poppins/poppins-v5-latin-500.woff,HTTP/1.1,"Mozilla/5.0 (Windows NT 10.0; Win64; x64) AppleWebKit/537.36 (KHTML, like Gecko) Chrome/77.0.3865.90 Safari/537.36",-,-,-,-,-
18,24-09-2019 10:56:02,6,192.168.43.238,192.168.43.182,54162,80,3,932,0x00000018,GET,192.168.43.182,http://192.168.43.182/sa/3204/fonts/poppins/poppins-v5-latin-regular.woff,HTTP/1.1,"Mozilla/5.0 (Windows NT 10.0; Win64; x64) AppleWebKit/537.36 (KHTML, like Gecko) Chrome/77.0.3865.90 Safari/537.36",-,-,-,-,-
19,24-09-2019 10:56:02,6,192.168.43.238,192.168.43.182,54159,80,0,2124,0x00000018,GET,192.168.43.182,http://192.168.43.182/sa/3204/fonts/poppins/poppins-v5-latin-700.woff,HTTP/1.1,"Mozilla/5.0 (Windows NT 10.0; Win64; x64) AppleWebKit/537.36 (KHTML, like Gecko) Chrome/77.0.3865.90 Safari/537.36",-,-,-,-,-
20,24-09-2019 10:56:02,6,192.168.43.238,192.168.43.182,54159,80,0,2641,0x00000018,GET,192.168.43.182,http://192.168.43.182/sa/3204/fonts/poppins/poppins-v5-latin-500.ttf,HTTP/1.1,"Mozilla/5.0 (Windows NT 10.0; Win64; x64) AppleWebKit/537.36 (KHTML, like Gecko) Chrome/77.0.3865.90 Safari/537.36",-,-,-,-,-
21,24-09-2019 10:56:02,6,192.168.43.238,192.168.43.182,54162,80,3,1453,0x00000018,GET,192.168.43.182,http://192.168.43.182/sa/3204/fonts/poppins/poppins-v5-latin-regular.ttf,HTTP/1.1,"Mozilla/5.0 (Windows NT 10.0; Win64; x64) AppleWebKit/537.36 (KHTML, like Gecko) Chrome/77.0.3865.90 Safari/537.36",-,-,-,-,-
22,24-09-2019 10:56:02,6,192.168.43.238,192.168.43.182,54161,80,2,4855,0x00000018,GET,192.168.43.182,http://192.168.43.182/sa/3204/fonts/poppins/poppins-v5-latin-700.ttf,HTTP/1.1,"Mozilla/5.0 (Windows NT 10.0; Win64; x64) AppleWebKit/537.36 (KHTML, like Gecko) Chrome/77.0.3865.90 Safari/537.36",-,-,-,-,-
23,24-09-2019 10:56:33,6,192.168.43.238,192.168.43.182,54182,80,9,1,0x00000018,GET,192.168.43.182,http://192.168.43.182/sa/3204/postfeed.php,HTTP/1.1,"Mozilla/5.0 (Windows NT 10.0; Win64; x64) AppleWebKit/537.36 (KHTML, like Gecko) Chrome/77.0.3865.90 Safari/537.36",-,-,-,-,-
24,24-09-2019 10:56:34,6,192.168.43.238,192.168.43.182,54182,80,9,596,0x00000018,GET,192.168.43.182,http://192.168.43.182/sa/3204/postfeed.php,HTTP/1.1,"Mozilla/5.0 (Windows NT 10.0; Win64; x64) AppleWebKit/537.36 (KHTML, like Gecko) Chrome/77.0.3865.90 Safari/537.36",-,-,-,-,-
25,24-09-2019 10:56:34,6,192.168.43.238,192.168.43.182,54184,80,12,1,0x00000018,GET,192.168.43.182,http://192.168.43.182/sa/3204/vendor/bootstrap-4.1/popper.min.js.map,HTTP/1.1,"Mozilla/5.0 (Windows NT 10.0; Win64; x64) AppleWebKit/537.36 (KHTML, like Gecko) Chrome/77.0.3865.90 Safari/537.36",-,-,-,-,-
26,24-09-2019 10:56:34,6,192.168.43.238,192.168.43.182,54185,80,13,1,0x00000018,GET,192.168.43.182,http://192.168.43.182/sa/3204/fonts/poppins/poppins-v5-latin-regular.woff2,HTTP/1.1,"Mozilla/5.0 (Windows NT 10.0; Win64; x64) AppleWebKit/537.36 (KHTML, like Gecko) Chrome/77.0.3865.90 Safari/537.36",-,-,-,-,-
27,24-09-2019 10:56:34,6,192.168.43.238,192.168.43.182,54184,80,12,407,0x00000018,GET,192.168.43.182,http://192.168.43.182/sa/3204/fonts/poppins/poppins-v5-latin-500.woff2,HTTP/1.1,"Mozilla/5.0 (Windows NT 10.0; Win64; x64) AppleWebKit/537.36 (KHTML, like Gecko) Chrome/77.0.3865.90 Safari/537.36",-,-,-,-,-
28,24-09-2019 10:56:34,6,192.168.43.238,192.168.43.182,54187,80,15,1,0x00000018,GET,192.168.43.182,http://192.168.43.182/sa/3204/fonts/poppins/poppins-v5-latin-700.woff2,HTTP/1.1,"Mozilla/5.0 (Windows NT 10.0; Win64; x64) AppleWebKit/537.36 (KHTML, like Gecko) Chrome/77.0.3865.90 Safari/537.36",-,-,-,-,-
29,24-09-2019 10:56:34,6,192.168.43.238,192.168.43.182,54186,80,14,1,0x00000018,GET,192.168.43.182,http://192.168.43.182/sa/3204/vendor/bootstrap-4.1/bootstrap.min.js.map,HTTP/1.1,"Mozilla/5.0 (Windows NT 10.0; Win64; x64) AppleWebKit/537.36 (KHTML, like Gecko) Chrome/77.0.3865.90 Safari/537.36",-,-,-,-,-
30,24-09-2019 10:56:34,6,192.168.43.238,192.168.43.182,54188,80,16,1,0x00000018,GET,192.168.43.182,http://192.168.43.182/sa/3204/vendor/bootstrap-4.1/bootstrap.min.css.map,HTTP/1.1,"Mozilla/5.0 (Windows NT 10.0; Win64; x64) AppleWebKit/537.36 (KHTML, like Gecko) Chrome/77.0.3865.90 Safari/537.36",-,-,-,-,-
31,24-09-2019 10:56:34,6,192.168.43.238,192.168.43.182,54186,80,14,410,0x00000018,GET,192.168.43.182,http://192.168.43.182/sa/3204/fonts/poppins/poppins-v5-latin-regular.woff,HTTP/1.1,"Mozilla/5.0 (Windows NT 10.0; Win64; x64) AppleWebKit/537.36 (KHTML, like Gecko) Chrome/77.0.3865.90 Safari/537.36",-,-,-,-,-
32,24-09-2019 10:56:34,6,192.168.43.238,192.168.43.182,54182,80,9,1086,0x00000018,GET,192.168.43.182,http://192.168.43.182/sa/3204/fonts/poppins/poppins-v5-latin-500.woff,HTTP/1.1,"Mozilla/5.0 (Windows NT 10.0; Win64; x64) AppleWebKit/537.36 (KHTML, like Gecko) Chrome/77.0.3865.90 Safari/537.36",-,-,-,-,-
33,24-09-2019 10:56:34,6,192.168.43.238,192.168.43.182,54186,80,14,931,0x00000018,GET,192.168.43.182,http://192.168.43.182/sa/3204/fonts/poppins/poppins-v5-latin-700.woff,HTTP/1.1,"Mozilla/5.0 (Windows NT 10.0; Win64; x64) AppleWebKit/537.36 (KHTML, like Gecko) Chrome/77.0.3865.90 Safari/537.36",-,-,-,-,-
34,24-09-2019 10:56:34,6,192.168.43.238,192.168.43.182,54187,80,15,519,0x00000018,GET,192.168.43.182,http://192.168.43.182/sa/3204/fonts/poppins/poppins-v5-latin-regular.ttf,HTTP/1.1,"Mozilla/5.0 (Windows NT 10.0; Win64; x64) AppleWebKit/537.36 (KHTML, like Gecko) Chrome/77.0.3865.90 Safari/537.36",-,-,-,-,-
35,24-09-2019 10:56:34,6,192.168.43.238,192.168.43.182,54187,80,15,1039,0x00000018,GET,192.168.43.182,http://192.168.43.182/sa/3204/fonts/poppins/poppins-v5-latin-500.ttf,HTTP/1.1,"Mozilla/5.0 (Windows NT 10.0; Win64; x64) AppleWebKit/537.36 (KHTML, like Gecko) Chrome/77.0.3865.90 Safari/537.36",-,-,-,-,-
36,24-09-2019 10:56:34,6,192.168.43.238,192.168.43.182,54186,80,14,1448,0x00000018,GET,192.168.43.182,http://192.168.43.182/sa/3204/fonts/poppins/poppins-v5-latin-700.ttf,HTTP/1.1,"Mozilla/5.0 (Windows NT 10.0; Win64; x64) AppleWebKit/537.36 (KHTML, like Gecko) Chrome/77.0.3865.90 Safari/537.36",-,-,-,-,-
37,24-09-2019 10:56:36,6,192.168.43.238,192.168.43.182,54186,80,14,1964,0x00000018,GET,192.168.43.182,http://192.168.43.182/sa/3204/postfeedhandler.php?feedbody=zzz,HTTP/1.1,"Mozilla/5.0 (Windows NT 10.0; Win64; x64) AppleWebKit/537.36 (KHTML, like Gecko) Chrome/77.0.3865.90 Safari/537.36",feedbody=zzz,feedbody=zzz,-,-,-
38,24-09-2019 10:56:36,6,192.168.43.238,192.168.43.182,54186,80,14,2583,0x00000018,GET,192.168.43.182,http://192.168.43.182/sa/3204/home.php,HTTP/1.1,"Mozilla/5.0 (Windows NT 10.0; Win64; x64) AppleWebKit/537.36 (KHTML, like Gecko) Chrome/77.0.3865.90 Safari/537.36",-,-,-,-,-
39,24-09-2019 10:56:37,6,192.168.43.238,192.168.43.182,54186,80,14,3178,0x00000018,GET,192.168.43.182,http://192.168.43.182/sa/3204/home.php,HTTP/1.1,"Mozilla/5.0 (Windows NT 10.0; Win64; x64) AppleWebKit/537.36 (KHTML, like Gecko) Chrome/77.0.3865.90 Safari/537.36",-,-,-,-,-
40,24-09-2019 10:56:37,6,192.168.43.238,192.168.43.182,54187,80,15,1555,0x00000018,GET,192.168.43.182,http://192.168.43.182/sa/3204/fonts/poppins/poppins-v5-latin-regular.woff2,HTTP/1.1,"Mozilla/5.0 (Windows NT 10.0; Win64; x64) AppleWebKit/537.36 (KHTML, like Gecko) Chrome/77.0.3865.90 Safari/537.36",-,-,-,-,-
41,24-09-2019 10:56:37,6,192.168.43.238,192.168.43.182,54182,80,9,1603,0x00000018,GET,192.168.43.182,http://192.168.43.182/sa/3204/fonts/poppins/poppins-v5-latin-500.woff2,HTTP/1.1,"Mozilla/5.0 (Windows NT 10.0; Win64; x64) AppleWebKit/537.36 (KHTML, like Gecko) Chrome/77.0.3865.90 Safari/537.36",-,-,-,-,-
42,24-09-2019 10:56:37,6,192.168.43.238,192.168.43.182,54188,80,16,411,0x00000018,GET,192.168.43.182,http://192.168.43.182/sa/3204/fonts/poppins/poppins-v5-latin-700.woff2,HTTP/1.1,"Mozilla/5.0 (Windows NT 10.0; Win64; x64) AppleWebKit/537.36 (KHTML, like Gecko) Chrome/77.0.3865.90 Safari/537.36",-,-,-,-,-
43,24-09-2019 10:56:37,6,192.168.43.238,192.168.43.182,54182,80,9,2121,0x00000018,GET,192.168.43.182,http://192.168.43.182/sa/3204/fonts/poppins/poppins-v5-latin-700.woff,HTTP/1.1,"Mozilla/5.0 (Windows NT 10.0; Win64; x64) AppleWebKit/537.36 (KHTML, like Gecko) Chrome/77.0.3865.90 Safari/537.36",-,-,-,-,-
44,24-09-2019 10:56:37,6,192.168.43.238,192.168.43.182,54187,80,15,2077,0x00000018,GET,192.168.43.182,http://192.168.43.182/sa/3204/fonts/poppins/poppins-v5-latin-regular.woff,HTTP/1.1,"Mozilla/5.0 (Windows NT 10.0; Win64; x64) AppleWebKit/537.36 (KHTML, like Gecko) Chrome/77.0.3865.90 Safari/537.36",-,-,-,-,-
45,24-09-2019 10:56:37,6,192.168.43.238,192.168.43.182,54188,80,16,929,0x00000018,GET,192.168.43.182,http://192.168.43.182/sa/3204/fonts/poppins/poppins-v5-latin-500.woff,HTTP/1.1,"Mozilla/5.0 (Windows NT 10.0; Win64; x64) AppleWebKit/537.36 (KHTML, like Gecko) Chrome/77.0.3865.90 Safari/537.36",-,-,-,-,-
46,24-09-2019 10:56:37,6,192.168.43.238,192.168.43.182,54188,80,16,1446,0x00000018,GET,192.168.43.182,http://192.168.43.182/sa/3204/fonts/poppins/poppins-v5-latin-700.ttf,HTTP/1.1,"Mozilla/5.0 (Windows NT 10.0; Win64; x64) AppleWebKit/537.36 (KHTML, like Gecko) Chrome/77.0.3865.90 Safari/537.36",-,-,-,-,-
47,24-09-2019 10:56:37,6,192.168.43.238,192.168.43.182,54187,80,15,2598,0x00000018,GET,192.168.43.182,http://192.168.43.182/sa/3204/fonts/poppins/poppins-v5-latin-regular.ttf,HTTP/1.1,"Mozilla/5.0 (Windows NT 10.0; Win64; x64) AppleWebKit/537.36 (KHTML, like Gecko) Chrome/77.0.3865.90 Safari/537.36",-,-,-,-,-
48,24-09-2019 10:56:37,6,192.168.43.238,192.168.43.182,54182,80,9,2638,0x00000018,GET,192.168.43.182,http://192.168.43.182/sa/3204/fonts/poppins/poppins-v5-latin-500.ttf,HTTP/1.1,"Mozilla/5.0 (Windows NT 10.0; Win64; x64) AppleWebKit/537.36 (KHTML, like Gecko) Chrome/77.0.3865.90 Safari/537.36",-,-,-,-,-
49,24-09-2019 10:56:40,6,192.168.43.238,192.168.43.182,54186,80,14,3660,0x00000018,GET,192.168.43.182,http://192.168.43.182/sa/3204/postupload.php,HTTP/1.1,"Mozilla/5.0 (Windows NT 10.0; Win64; x64) AppleWebKit/537.36 (KHTML, like Gecko) Chrome/77.0.3865.90 Safari/537.36",-,-,-,-,-
50,24-09-2019 10:56:40,6,192.168.43.238,192.168.43.182,54186,80,14,4257,0x00000018,GET,192.168.43.182,http://192.168.43.182/sa/3204/postupload.php,HTTP/1.1,"Mozilla/5.0 (Windows NT 10.0; Win64; x64) AppleWebKit/537.36 (KHTML, like Gecko) Chrome/77.0.3865.90 Safari/537.36",-,-,-,-,-
51,24-09-2019 10:56:40,6,192.168.43.238,192.168.43.182,54186,80,14,4751,0x00000018,GET,192.168.43.182,http://192.168.43.182/sa/3204/fonts/poppins/poppins-v5-latin-regular.woff2,HTTP/1.1,"Mozilla/5.0 (Windows NT 10.0; Win64; x64) AppleWebKit/537.36 (KHTML, like Gecko) Chrome/77.0.3865.90 Safari/537.36",-,-,-,-,-
52,24-09-2019 10:56:40,6,192.168.43.238,192.168.43.182,54182,80,9,3154,0x00000018,GET,192.168.43.182,http://192.168.43.182/sa/3204/fonts/poppins/poppins-v5-latin-500.woff2,HTTP/1.1,"Mozilla/5.0 (Windows NT 10.0; Win64; x64) AppleWebKit/537.36 (KHTML, like Gecko) Chrome/77.0.3865.90 Safari/537.36",-,-,-,-,-
53,24-09-2019 10:56:40,6,192.168.43.238,192.168.43.182,54187,80,15,3118,0x00000018,GET,192.168.43.182,http://192.168.43.182/sa/3204/fonts/poppins/poppins-v5-latin-700.woff2,HTTP/1.1,"Mozilla/5.0 (Windows NT 10.0; Win64; x64) AppleWebKit/537.36 (KHTML, like Gecko) Chrome/77.0.3865.90 Safari/537.36",-,-,-,-,-
54,24-09-2019 10:56:40,6,192.168.43.238,192.168.43.182,54187,80,15,3636,0x00000018,GET,192.168.43.182,http://192.168.43.182/sa/3204/fonts/poppins/poppins-v5-latin-regular.woff,HTTP/1.1,"Mozilla/5.0 (Windows NT 10.0; Win64; x64) AppleWebKit/537.36 (KHTML, like Gecko) Chrome/77.0.3865.90 Safari/537.36",-,-,-,-,-
55,24-09-2019 10:56:40,6,192.168.43.238,192.168.43.182,54182,80,9,3672,0x00000018,GET,192.168.43.182,http://192.168.43.182/sa/3204/fonts/poppins/poppins-v5-latin-500.woff,HTTP/1.1,"Mozilla/5.0 (Windows NT 10.0; Win64; x64) AppleWebKit/537.36 (KHTML, like Gecko) Chrome/77.0.3865.90 Safari/537.36",-,-,-,-,-
56,24-09-2019 10:56:40,6,192.168.43.238,192.168.43.182,54186,80,14,5273,0x00000018,GET,192.168.43.182,http://192.168.43.182/sa/3204/fonts/poppins/poppins-v5-latin-700.woff,HTTP/1.1,"Mozilla/5.0 (Windows NT 10.0; Win64; x64) AppleWebKit/537.36 (KHTML, like Gecko) Chrome/77.0.3865.90 Safari/537.36",-,-,-,-,-
57,24-09-2019 10:56:40,6,192.168.43.238,192.168.43.182,54186,80,14,5790,0x00000018,GET,192.168.43.182,http://192.168.43.182/sa/3204/fonts/poppins/poppins-v5-latin-regular.ttf,HTTP/1.1,"Mozilla/5.0 (Windows NT 10.0; Win64; x64) AppleWebKit/537.36 (KHTML, like Gecko) Chrome/77.0.3865.90 Safari/537.36",-,-,-,-,-
58,24-09-2019 10:56:40,6,192.168.43.238,192.168.43.182,54182,80,9,4189,0x00000018,GET,192.168.43.182,http://192.168.43.182/sa/3204/fonts/poppins/poppins-v5-latin-500.ttf,HTTP/1.1,"Mozilla/5.0 (Windows NT 10.0; Win64; x64) AppleWebKit/537.36 (KHTML, like Gecko) Chrome/77.0.3865.90 Safari/537.36",-,-,-,-,-
59,24-09-2019 10:56:40,6,192.168.43.238,192.168.43.182,54187,80,15,4157,0x00000018,GET,192.168.43.182,http://192.168.43.182/sa/3204/fonts/poppins/poppins-v5-latin-700.ttf,HTTP/1.1,"Mozilla/5.0 (Windows NT 10.0; Win64; x64) AppleWebKit/537.36 (KHTML, like Gecko) Chrome/77.0.3865.90 Safari/537.36",-,-,-,-,-
60,24-09-2019 10:57:05,6,192.168.43.238,192.168.43.182,54191,80,22,116117,0x00000018,POST,192.168.43.182,http://192.168.43.182/sa/3204/postuploadhandler.php,HTTP/1.1,"Mozilla/5.0 (Windows NT 10.0; Win64; x64) AppleWebKit/537.36 (KHTML, like Gecko) Chrome/77.0.3865.90 Safari/537.36",-,-,-,-,-
61,24-09-2019 10:57:05,6,192.168.43.238,192.168.43.182,54191,80,22,120583,0x00000018,GET,192.168.43.182,http://192.168.43.182/sa/3204/home.php,HTTP/1.1,"Mozilla/5.0 (Windows NT 10.0; Win64; x64) AppleWebKit/537.36 (KHTML, like Gecko) Chrome/77.0.3865.90 Safari/537.36",-,-,-,-,-
62,24-09-2019 10:57:05,6,192.168.43.238,192.168.43.182,54191,80,22,121206,0x00000018,GET,192.168.43.182,http://192.168.43.182/sa/3204/home.php,HTTP/1.1,"Mozilla/5.0 (Windows NT 10.0; Win64; x64) AppleWebKit/537.36 (KHTML, like Gecko) Chrome/77.0.3865.90 Safari/537.36",-,-,-,-,-
63,24-09-2019 10:57:06,6,192.168.43.238,192.168.43.182,54192,80,26,1,0x00000018,GET,192.168.43.182,http://192.168.43.182/sa/3204/fonts/poppins/poppins-v5-latin-regular.woff2,HTTP/1.1,"Mozilla/5.0 (Windows NT 10.0; Win64; x64) AppleWebKit/537.36 (KHTML, like Gecko) Chrome/77.0.3865.90 Safari/537.36",-,-,-,-,-
64,24-09-2019 10:57:06,6,192.168.43.238,192.168.43.182,54193,80,27,1,0x00000018,GET,192.168.43.182,http://192.168.43.182/sa/3204/fonts/poppins/poppins-v5-latin-500.woff2,HTTP/1.1,"Mozilla/5.0 (Windows NT 10.0; Win64; x64) AppleWebKit/537.36 (KHTML, like Gecko) Chrome/77.0.3865.90 Safari/537.36",-,-,-,-,-
65,24-09-2019 10:57:06,6,192.168.43.238,192.168.43.182,54194,80,28,1,0x00000018,GET,192.168.43.182,http://192.168.43.182/sa/3204/fonts/poppins/poppins-v5-latin-700.woff2,HTTP/1.1,"Mozilla/5.0 (Windows NT 10.0; Win64; x64) AppleWebKit/537.36 (KHTML, like Gecko) Chrome/77.0.3865.90 Safari/537.36",-,-,-,-,-
66,24-09-2019 10:57:06,6,192.168.43.238,192.168.43.182,54192,80,26,523,0x00000018,GET,192.168.43.182,http://192.168.43.182/sa/3204/fonts/poppins/poppins-v5-latin-700.woff,HTTP/1.1,"Mozilla/5.0 (Windows NT 10.0; Win64; x64) AppleWebKit/537.36 (KHTML, like Gecko) Chrome/77.0.3865.90 Safari/537.36",-,-,-,-,-
67,24-09-2019 10:57:06,6,192.168.43.238,192.168.43.182,54193,80,27,519,0x00000018,GET,192.168.43.182,http://192.168.43.182/sa/3204/fonts/poppins/poppins-v5-latin-500.woff,HTTP/1.1,"Mozilla/5.0 (Windows NT 10.0; Win64; x64) AppleWebKit/537.36 (KHTML, like Gecko) Chrome/77.0.3865.90 Safari/537.36",-,-,-,-,-
68,24-09-2019 10:57:06,6,192.168.43.238,192.168.43.182,54194,80,28,519,0x00000018,GET,192.168.43.182,http://192.168.43.182/sa/3204/fonts/poppins/poppins-v5-latin-regular.woff,HTTP/1.1,"Mozilla/5.0 (Windows NT 10.0; Win64; x64) AppleWebKit/537.36 (KHTML, like Gecko) Chrome/77.0.3865.90 Safari/537.36",-,-,-,-,-
69,24-09-2019 10:57:06,6,192.168.43.238,192.168.43.182,54193,80,27,1036,0x00000018,GET,192.168.43.182,http://192.168.43.182/sa/3204/fonts/poppins/poppins-v5-latin-regular.ttf,HTTP/1.1,"Mozilla/5.0 (Windows NT 10.0; Win64; x64) AppleWebKit/537.36 (KHTML, like Gecko) Chrome/77.0.3865.90 Safari/537.36",-,-,-,-,-
70,24-09-2019 10:57:06,6,192.168.43.238,192.168.43.182,54192,80,26,1040,0x00000018,GET,192.168.43.182,http://192.168.43.182/sa/3204/fonts/poppins/poppins-v5-latin-700.ttf,HTTP/1.1,"Mozilla/5.0 (Windows NT 10.0; Win64; x64) AppleWebKit/537.36 (KHTML, like Gecko) Chrome/77.0.3865.90 Safari/537.36",-,-,-,-,-
71,24-09-2019 10:57:06,6,192.168.43.238,192.168.43.182,54194,80,28,1040,0x00000018,GET,192.168.43.182,http://192.168.43.182/sa/3204/fonts/poppins/poppins-v5-latin-500.ttf,HTTP/1.1,"Mozilla/5.0 (Windows NT 10.0; Win64; x64) AppleWebKit/537.36 (KHTML, like Gecko) Chrome/77.0.3865.90 Safari/537.36",-,-,-,-,-
72,24-09-2019 10:57:11,6,192.168.43.238,192.168.43.182,54195,80,29,1,0x00000018,GET,192.168.43.182,http://192.168.43.182/sa/3204/postfeed.php,HTTP/1.1,"Mozilla/5.0 (Windows NT 10.0; Win64; x64) AppleWebKit/537.36 (KHTML, like Gecko) Chrome/77.0.3865.90 Safari/537.36",-,-,-,-,-
73,24-09-2019 10:57:12,6,192.168.43.238,192.168.43.182,54195,80,29,596,0x00000018,GET,192.168.43.182,http://192.168.43.182/sa/3204/postfeed.php,HTTP/1.1,"Mozilla/5.0 (Windows NT 10.0; Win64; x64) AppleWebKit/537.36 (KHTML, like Gecko) Chrome/77.0.3865.90 Safari/537.36",-,-,-,-,-
74,24-09-2019 10:57:12,6,192.168.43.238,192.168.43.182,54196,80,31,1,0x00000018,GET,192.168.43.182,http://192.168.43.182/sa/3204/fonts/poppins/poppins-v5-latin-regular.woff2,HTTP/1.1,"Mozilla/5.0 (Windows NT 10.0; Win64; x64) AppleWebKit/537.36 (KHTML, like Gecko) Chrome/77.0.3865.90 Safari/537.36",-,-,-,-,-
75,24-09-2019 10:57:12,6,192.168.43.238,192.168.43.182,54198,80,33,1,0x00000018,GET,192.168.43.182,http://192.168.43.182/sa/3204/fonts/poppins/poppins-v5-latin-500.woff2,HTTP/1.1,"Mozilla/5.0 (Windows NT 10.0; Win64; x64) AppleWebKit/537.36 (KHTML, like Gecko) Chrome/77.0.3865.90 Safari/537.36",-,-,-,-,-
76,24-09-2019 10:57:12,6,192.168.43.238,192.168.43.182,54197,80,32,1,0x00000018,GET,192.168.43.182,http://192.168.43.182/sa/3204/fonts/poppins/poppins-v5-latin-700.woff2,HTTP/1.1,"Mozilla/5.0 (Windows NT 10.0; Win64; x64) AppleWebKit/537.36 (KHTML, like Gecko) Chrome/77.0.3865.90 Safari/537.36",-,-,-,-,-
77,24-09-2019 10:57:12,6,192.168.43.238,192.168.43.182,54197,80,32,519,0x00000018,GET,192.168.43.182,http://192.168.43.182/sa/3204/fonts/poppins/poppins-v5-latin-regular.woff,HTTP/1.1,"Mozilla/5.0 (Windows NT 10.0; Win64; x64) AppleWebKit/537.36 (KHTML, like Gecko) Chrome/77.0.3865.90 Safari/537.36",-,-,-,-,-
78,24-09-2019 10:57:12,6,192.168.43.238,192.168.43.182,54198,80,33,519,0x00000018,GET,192.168.43.182,http://192.168.43.182/sa/3204/fonts/poppins/poppins-v5-latin-500.woff,HTTP/1.1,"Mozilla/5.0 (Windows NT 10.0; Win64; x64) AppleWebKit/537.36 (KHTML, like Gecko) Chrome/77.0.3865.90 Safari/537.36",-,-,-,-,-
79,24-09-2019 10:57:12,6,192.168.43.238,192.168.43.182,54196,80,31,523,0x00000018,GET,192.168.43.182,http://192.168.43.182/sa/3204/fonts/poppins/poppins-v5-latin-700.woff,HTTP/1.1,"Mozilla/5.0 (Windows NT 10.0; Win64; x64) AppleWebKit/537.36 (KHTML, like Gecko) Chrome/77.0.3865.90 Safari/537.36",-,-,-,-,-
80,24-09-2019 10:57:12,6,192.168.43.238,192.168.43.182,54196,80,31,1040,0x00000018,GET,192.168.43.182,http://192.168.43.182/sa/3204/fonts/poppins/poppins-v5-latin-regular.ttf,HTTP/1.1,"Mozilla/5.0 (Windows NT 10.0; Win64; x64) AppleWebKit/537.36 (KHTML, like Gecko) Chrome/77.0.3865.90 Safari/537.36",-,-,-,-,-
81,24-09-2019 10:57:12,6,192.168.43.238,192.168.43.182,54198,80,33,1036,0x00000018,GET,192.168.43.182,http://192.168.43.182/sa/3204/fonts/poppins/poppins-v5-latin-500.ttf,HTTP/1.1,"Mozilla/5.0 (Windows NT 10.0; Win64; x64) AppleWebKit/537.36 (KHTML, like Gecko) Chrome/77.0.3865.90 Safari/537.36",-,-,-,-,-
82,24-09-2019 10:57:12,6,192.168.43.238,192.168.43.182,54197,80,32,1040,0x00000018,GET,192.168.43.182,http://192.168.43.182/sa/3204/fonts/poppins/poppins-v5-latin-700.ttf,HTTP/1.1,"Mozilla/5.0 (Windows NT 10.0; Win64; x64) AppleWebKit/537.36 (KHTML, like Gecko) Chrome/77.0.3865.90 Safari/537.36",-,-,-,-,-
83,24-09-2019 10:57:17,6,192.168.43.238,192.168.43.182,54199,80,35,1,0x00000018,GET,192.168.43.182,http://192.168.43.182/sa/3204/postfeedhandler.php?feedbody=some+feed,HTTP/1.1,"Mozilla/5.0 (Windows NT 10.0; Win64; x64) AppleWebKit/537.36 (KHTML, like Gecko) Chrome/77.0.3865.90 Safari/537.36",feedbody=some+feed,feedbody=some+feed,-,-,-
84,24-09-2019 10:57:17,6,192.168.43.238,192.168.43.182,54199,80,35,626,0x00000018,GET,192.168.43.182,http://192.168.43.182/sa/3204/home.php,HTTP/1.1,"Mozilla/5.0 (Windows NT 10.0; Win64; x64) AppleWebKit/537.36 (KHTML, like Gecko) Chrome/77.0.3865.90 Safari/537.36",-,-,-,-,-
85,24-09-2019 10:57:18,6,192.168.43.238,192.168.43.182,54199,80,35,1221,0x00000018,GET,192.168.43.182,http://192.168.43.182/sa/3204/home.php,HTTP/1.1,"Mozilla/5.0 (Windows NT 10.0; Win64; x64) AppleWebKit/537.36 (KHTML, like Gecko) Chrome/77.0.3865.90 Safari/537.36",-,-,-,-,-
86,24-09-2019 10:57:18,6,192.168.43.238,192.168.43.182,54201,80,39,1,0x00000018,GET,192.168.43.182,http://192.168.43.182/sa/3204/fonts/poppins/poppins-v5-latin-regular.woff2,HTTP/1.1,"Mozilla/5.0 (Windows NT 10.0; Win64; x64) AppleWebKit/537.36 (KHTML, like Gecko) Chrome/77.0.3865.90 Safari/537.36",-,-,-,-,-
87,24-09-2019 10:57:18,6,192.168.43.238,192.168.43.182,54200,80,38,1,0x00000018,GET,192.168.43.182,http://192.168.43.182/sa/3204/fonts/poppins/poppins-v5-latin-500.woff2,HTTP/1.1,"Mozilla/5.0 (Windows NT 10.0; Win64; x64) AppleWebKit/537.36 (KHTML, like Gecko) Chrome/77.0.3865.90 Safari/537.36",-,-,-,-,-
88,24-09-2019 10:57:18,6,192.168.43.238,192.168.43.182,54202,80,40,1,0x00000018,GET,192.168.43.182,http://192.168.43.182/sa/3204/fonts/poppins/poppins-v5-latin-700.woff2,HTTP/1.1,"Mozilla/5.0 (Windows NT 10.0; Win64; x64) AppleWebKit/537.36 (KHTML, like Gecko) Chrome/77.0.3865.90 Safari/537.36",-,-,-,-,-
89,24-09-2019 10:57:18,6,192.168.43.238,192.168.43.182,54202,80,40,519,0x00000018,GET,192.168.43.182,http://192.168.43.182/sa/3204/fonts/poppins/poppins-v5-latin-500.woff,HTTP/1.1,"Mozilla/5.0 (Windows NT 10.0; Win64; x64) AppleWebKit/537.36 (KHTML, like Gecko) Chrome/77.0.3865.90 Safari/537.36",-,-,-,-,-
90,24-09-2019 10:57:18,6,192.168.43.238,192.168.43.182,54201,80,39,523,0x00000018,GET,192.168.43.182,http://192.168.43.182/sa/3204/fonts/poppins/poppins-v5-latin-regular.woff,HTTP/1.1,"Mozilla/5.0 (Windows NT 10.0; Win64; x64) AppleWebKit/537.36 (KHTML, like Gecko) Chrome/77.0.3865.90 Safari/537.36",-,-,-,-,-
91,24-09-2019 10:57:18,6,192.168.43.238,192.168.43.182,54200,80,38,519,0x00000018,GET,192.168.43.182,http://192.168.43.182/sa/3204/fonts/poppins/poppins-v5-latin-700.woff,HTTP/1.1,"Mozilla/5.0 (Windows NT 10.0; Win64; x64) AppleWebKit/537.36 (KHTML, like Gecko) Chrome/77.0.3865.90 Safari/537.36",-,-,-,-,-
92,24-09-2019 10:57:18,6,192.168.43.238,192.168.43.182,54200,80,38,1036,0x00000018,GET,192.168.43.182,http://192.168.43.182/sa/3204/fonts/poppins/poppins-v5-latin-regular.ttf,HTTP/1.1,"Mozilla/5.0 (Windows NT 10.0; Win64; x64) AppleWebKit/537.36 (KHTML, like Gecko) Chrome/77.0.3865.90 Safari/537.36",-,-,-,-,-
93,24-09-2019 10:57:18,6,192.168.43.238,192.168.43.182,54202,80,40,1036,0x00000018,GET,192.168.43.182,http://192.168.43.182/sa/3204/fonts/poppins/poppins-v5-latin-500.ttf,HTTP/1.1,"Mozilla/5.0 (Windows NT 10.0; Win64; x64) AppleWebKit/537.36 (KHTML, like Gecko) Chrome/77.0.3865.90 Safari/537.36",-,-,-,-,-
94,24-09-2019 10:57:18,6,192.168.43.238,192.168.43.182,54201,80,39,1044,0x00000018,GET,192.168.43.182,http://192.168.43.182/sa/3204/fonts/poppins/poppins-v5-latin-700.ttf,HTTP/1.1,"Mozilla/5.0 (Windows NT 10.0; Win64; x64) AppleWebKit/537.36 (KHTML, like Gecko) Chrome/77.0.3865.90 Safari/537.36",-,-,-,-,-
95,24-09-2019 10:57:28,6,192.168.43.238,192.168.43.182,54203,80,42,1,0x00000018,GET,192.168.43.182,http://192.168.43.182/sa/3204/postupload.php,HTTP/1.1,"Mozilla/5.0 (Windows NT 10.0; Win64; x64) AppleWebKit/537.36 (KHTML, like Gecko) Chrome/77.0.3865.90 Safari/537.36",-,-,-,-,-
96,24-09-2019 10:57:28,6,192.168.43.238,192.168.43.182,54203,80,42,598,0x00000018,GET,192.168.43.182,http://192.168.43.182/sa/3204/postupload.php,HTTP/1.1,"Mozilla/5.0 (Windows NT 10.0; Win64; x64) AppleWebKit/537.36 (KHTML, like Gecko) Chrome/77.0.3865.90 Safari/537.36",-,-,-,-,-
97,24-09-2019 10:57:28,6,192.168.43.238,192.168.43.182,54205,80,46,1,0x00000018,GET,192.168.43.182,http://192.168.43.182/sa/3204/fonts/poppins/poppins-v5-latin-regular.woff2,HTTP/1.1,"Mozilla/5.0 (Windows NT 10.0; Win64; x64) AppleWebKit/537.36 (KHTML, like Gecko) Chrome/77.0.3865.90 Safari/537.36",-,-,-,-,-
98,24-09-2019 10:57:28,6,192.168.43.238,192.168.43.182,54204,80,45,1,0x00000018,GET,192.168.43.182,http://192.168.43.182/sa/3204/fonts/poppins/poppins-v5-latin-500.woff2,HTTP/1.1,"Mozilla/5.0 (Windows NT 10.0; Win64; x64) AppleWebKit/537.36 (KHTML, like Gecko) Chrome/77.0.3865.90 Safari/537.36",-,-,-,-,-
99,24-09-2019 10:57:28,6,192.168.43.238,192.168.43.182,54206,80,47,1,0x00000018,GET,192.168.43.182,http://192.168.43.182/sa/3204/fonts/poppins/poppins-v5-latin-700.woff2,HTTP/1.1,"Mozilla/5.0 (Windows NT 10.0; Win64; x64) AppleWebKit/537.36 (KHTML, like Gecko) Chrome/77.0.3865.90 Safari/537.36",-,-,-,-,-
100,24-09-2019 10:57:28,6,192.168.43.238,192.168.43.182,54206,80,47,519,0x00000018,GET,192.168.43.182,http://192.168.43.182/sa/3204/fonts/poppins/poppins-v5-latin-regular.woff,HTTP/1.1,"Mozilla/5.0 (Windows NT 10.0; Win64; x64) AppleWebKit/537.36 (KHTML, like Gecko) Chrome/77.0.3865.90 Safari/537.36",-,-,-,-,-
101,24-09-2019 10:57:28,6,192.168.43.238,192.168.43.182,54203,80,42,1092,0x00000018,GET,192.168.43.182,http://192.168.43.182/sa/3204/fonts/poppins/poppins-v5-latin-500.woff,HTTP/1.1,"Mozilla/5.0 (Windows NT 10.0; Win64; x64) AppleWebKit/537.36 (KHTML, like Gecko) Chrome/77.0.3865.90 Safari/537.36",-,-,-,-,-
102,24-09-2019 10:57:28,6,192.168.43.238,192.168.43.182,54204,80,45,519,0x00000018,GET,192.168.43.182,http://192.168.43.182/sa/3204/fonts/poppins/poppins-v5-latin-700.woff,HTTP/1.1,"Mozilla/5.0 (Windows NT 10.0; Win64; x64) AppleWebKit/537.36 (KHTML, like Gecko) Chrome/77.0.3865.90 Safari/537.36",-,-,-,-,-
103,24-09-2019 10:57:28,6,192.168.43.238,192.168.43.182,54204,80,45,1036,0x00000018,GET,192.168.43.182,http://192.168.43.182/sa/3204/fonts/poppins/poppins-v5-latin-regular.ttf,HTTP/1.1,"Mozilla/5.0 (Windows NT 10.0; Win64; x64) AppleWebKit/537.36 (KHTML, like Gecko) Chrome/77.0.3865.90 Safari/537.36",-,-,-,-,-
104,24-09-2019 10:57:28,6,192.168.43.238,192.168.43.182,54203,80,42,1609,0x00000018,GET,192.168.43.182,http://192.168.43.182/sa/3204/fonts/poppins/poppins-v5-latin-500.ttf,HTTP/1.1,"Mozilla/5.0 (Windows NT 10.0; Win64; x64) AppleWebKit/537.36 (KHTML, like Gecko) Chrome/77.0.3865.90 Safari/537.36",-,-,-,-,-
105,24-09-2019 10:57:28,6,192.168.43.238,192.168.43.182,54206,80,47,1040,0x00000018,GET,192.168.43.182,http://192.168.43.182/sa/3204/fonts/poppins/poppins-v5-latin-700.ttf,HTTP/1.1,"Mozilla/5.0 (Windows NT 10.0; Win64; x64) AppleWebKit/537.36 (KHTML, like Gecko) Chrome/77.0.3865.90 Safari/537.36",-,-,-,-,-
106,24-09-2019 10:57:36,6,192.168.43.238,192.168.43.182,54208,80,48,132177,0x00000018,POST,192.168.43.182,http://192.168.43.182/sa/3204/postuploadhandler.php,HTTP/1.1,"Mozilla/5.0 (Windows NT 10.0; Win64; x64) AppleWebKit/537.36 (KHTML, like Gecko) Chrome/77.0.3865.90 Safari/537.36",-,-,-,-,-
107,24-09-2019 10:57:36,6,192.168.43.238,192.168.43.182,54208,80,48,132584,0x00000018,GET,192.168.43.182,http://192.168.43.182/sa/3204/home.php,HTTP/1.1,"Mozilla/5.0 (Windows NT 10.0; Win64; x64) AppleWebKit/537.36 (KHTML, like Gecko) Chrome/77.0.3865.90 Safari/537.36",-,-,-,-,-
108,24-09-2019 10:57:37,6,192.168.43.238,192.168.43.182,54208,80,48,133207,0x00000018,GET,192.168.43.182,http://192.168.43.182/sa/3204/home.php,HTTP/1.1,"Mozilla/5.0 (Windows NT 10.0; Win64; x64) AppleWebKit/537.36 (KHTML, like Gecko) Chrome/77.0.3865.90 Safari/537.36",-,-,-,-,-
109,24-09-2019 10:57:37,6,192.168.43.238,192.168.43.182,54210,80,53,1,0x00000018,GET,192.168.43.182,http://192.168.43.182/sa/3204/fonts/poppins/poppins-v5-latin-regular.woff2,HTTP/1.1,"Mozilla/5.0 (Windows NT 10.0; Win64; x64) AppleWebKit/537.36 (KHTML, like Gecko) Chrome/77.0.3865.90 Safari/537.36",-,-,-,-,-
110,24-09-2019 10:57:37,6,192.168.43.238,192.168.43.182,54209,80,52,1,0x00000018,GET,192.168.43.182,http://192.168.43.182/sa/3204/fonts/poppins/poppins-v5-latin-500.woff2,HTTP/1.1,"Mozilla/5.0 (Windows NT 10.0; Win64; x64) AppleWebKit/537.36 (KHTML, like Gecko) Chrome/77.0.3865.90 Safari/537.36",-,-,-,-,-
111,24-09-2019 10:57:37,6,192.168.43.238,192.168.43.182,54211,80,54,1,0x00000018,GET,192.168.43.182,http://192.168.43.182/sa/3204/fonts/poppins/poppins-v5-latin-700.woff2,HTTP/1.1,"Mozilla/5.0 (Windows NT 10.0; Win64; x64) AppleWebKit/537.36 (KHTML, like Gecko) Chrome/77.0.3865.90 Safari/537.36",-,-,-,-,-
112,24-09-2019 10:57:37,6,192.168.43.238,192.168.43.182,54211,80,54,519,0x00000018,GET,192.168.43.182,http://192.168.43.182/sa/3204/fonts/poppins/poppins-v5-latin-500.woff,HTTP/1.1,"Mozilla/5.0 (Windows NT 10.0; Win64; x64) AppleWebKit/537.36 (KHTML, like Gecko) Chrome/77.0.3865.90 Safari/537.36",-,-,-,-,-
113,24-09-2019 10:57:37,6,192.168.43.238,192.168.43.182,54210,80,53,523,0x00000018,GET,192.168.43.182,http://192.168.43.182/sa/3204/fonts/poppins/poppins-v5-latin-regular.woff,HTTP/1.1,"Mozilla/5.0 (Windows NT 10.0; Win64; x64) AppleWebKit/537.36 (KHTML, like Gecko) Chrome/77.0.3865.90 Safari/537.36",-,-,-,-,-
114,24-09-2019 10:57:37,6,192.168.43.238,192.168.43.182,54209,80,52,519,0x00000018,GET,192.168.43.182,http://192.168.43.182/sa/3204/fonts/poppins/poppins-v5-latin-700.woff,HTTP/1.1,"Mozilla/5.0 (Windows NT 10.0; Win64; x64) AppleWebKit/537.36 (KHTML, like Gecko) Chrome/77.0.3865.90 Safari/537.36",-,-,-,-,-
115,24-09-2019 10:57:37,6,192.168.43.238,192.168.43.182,54211,80,54,1036,0x00000018,GET,192.168.43.182,http://192.168.43.182/sa/3204/fonts/poppins/poppins-v5-latin-500.ttf,HTTP/1.1,"Mozilla/5.0 (Windows NT 10.0; Win64; x64) AppleWebKit/537.36 (KHTML, like Gecko) Chrome/77.0.3865.90 Safari/537.36",-,-,-,-,-
116,24-09-2019 10:57:37,6,192.168.43.238,192.168.43.182,54209,80,52,1036,0x00000018,GET,192.168.43.182,http://192.168.43.182/sa/3204/fonts/poppins/poppins-v5-latin-regular.ttf,HTTP/1.1,"Mozilla/5.0 (Windows NT 10.0; Win64; x64) AppleWebKit/537.36 (KHTML, like Gecko) Chrome/77.0.3865.90 Safari/537.36",-,-,-,-,-
117,24-09-2019 10:57:37,6,192.168.43.238,192.168.43.182,54210,80,53,1044,0x00000018,GET,192.168.43.182,http://192.168.43.182/sa/3204/fonts/poppins/poppins-v5-latin-700.ttf,HTTP/1.1,"Mozilla/5.0 (Windows NT 10.0; Win64; x64) AppleWebKit/537.36 (KHTML, like Gecko) Chrome/77.0.3865.90 Safari/537.36",-,-,-,-,-
118,24-09-2019 10:57:39,6,192.168.43.238,192.168.43.182,54208,80,48,133689,0x00000018,GET,192.168.43.182,http://192.168.43.182/sa/3204/viewImage.php,HTTP/1.1,"Mozilla/5.0 (Windows NT 10.0; Win64; x64) AppleWebKit/537.36 (KHTML, like Gecko) Chrome/77.0.3865.90 Safari/537.36",-,-,-,-,-
119,24-09-2019 10:57:39,6,192.168.43.238,192.168.43.182,54208,80,48,133689,0x00000018,GET,192.168.43.182,http://192.168.43.182/sa/3204/viewImage.php,HTTP/1.1,"Mozilla/5.0 (Windows NT 10.0; Win64; x64) AppleWebKit/537.36 (KHTML, like Gecko) Chrome/77.0.3865.90 Safari/537.36",-,-,-,-,-
120,24-09-2019 10:57:39,6,192.168.43.238,192.168.43.182,54208,80,48,133689,0x00000018,GET,192.168.43.182,http://192.168.43.182/sa/3204/viewImage.php,HTTP/1.1,"Mozilla/5.0 (Windows NT 10.0; Win64; x64) AppleWebKit/537.36 (KHTML, like Gecko) Chrome/77.0.3865.90 Safari/537.36",-,-,-,-,-
121,24-09-2019 10:57:40,6,192.168.43.238,192.168.43.182,54208,80,48,134285,0x00000018,GET,192.168.43.182,http://192.168.43.182/sa/3204/viewImage.php,HTTP/1.1,"Mozilla/5.0 (Windows NT 10.0; Win64; x64) AppleWebKit/537.36 (KHTML, like Gecko) Chrome/77.0.3865.90 Safari/537.36",-,-,-,-,-
122,24-09-2019 10:57:40,6,192.168.43.238,192.168.43.182,54208,80,48,134777,0x00000018,GET,192.168.43.182,http://192.168.43.182/sa/3204/fonts/poppins/poppins-v5-latin-regular.woff2,HTTP/1.1,"Mozilla/5.0 (Windows NT 10.0; Win64; x64) AppleWebKit/537.36 (KHTML, like Gecko) Chrome/77.0.3865.90 Safari/537.36",-,-,-,-,-
123,24-09-2019 10:57:40,6,192.168.43.238,192.168.43.182,54209,80,52,1556,0x00000018,GET,192.168.43.182,http://192.168.43.182/sa/3204/fonts/poppins/poppins-v5-latin-500.woff2,HTTP/1.1,"Mozilla/5.0 (Windows NT 10.0; Win64; x64) AppleWebKit/537.36 (KHTML, like Gecko) Chrome/77.0.3865.90 Safari/537.36",-,-,-,-,-
124,24-09-2019 10:57:40,6,192.168.43.238,192.168.43.182,54210,80,53,1560,0x00000018,GET,192.168.43.182,http://192.168.43.182/sa/3204/fonts/poppins/poppins-v5-latin-700.woff2,HTTP/1.1,"Mozilla/5.0 (Windows NT 10.0; Win64; x64) AppleWebKit/537.36 (KHTML, like Gecko) Chrome/77.0.3865.90 Safari/537.36",-,-,-,-,-
125,24-09-2019 10:57:40,6,192.168.43.238,192.168.43.182,54210,80,53,2078,0x00000018,GET,192.168.43.182,http://192.168.43.182/sa/3204/fonts/poppins/poppins-v5-latin-regular.woff,HTTP/1.1,"Mozilla/5.0 (Windows NT 10.0; Win64; x64) AppleWebKit/537.36 (KHTML, like Gecko) Chrome/77.0.3865.90 Safari/537.36",-,-,-,-,-
126,24-09-2019 10:57:40,6,192.168.43.238,192.168.43.182,54209,80,52,2074,0x00000018,GET,192.168.43.182,http://192.168.43.182/sa/3204/fonts/poppins/poppins-v5-latin-500.woff,HTTP/1.1,"Mozilla/5.0 (Windows NT 10.0; Win64; x64) AppleWebKit/537.36 (KHTML, like Gecko) Chrome/77.0.3865.90 Safari/537.36",-,-,-,-,-
127,24-09-2019 10:57:40,6,192.168.43.238,192.168.43.182,54208,80,48,135299,0x00000018,GET,192.168.43.182,http://192.168.43.182/sa/3204/fonts/poppins/poppins-v5-latin-700.woff,HTTP/1.1,"Mozilla/5.0 (Windows NT 10.0; Win64; x64) AppleWebKit/537.36 (KHTML, like Gecko) Chrome/77.0.3865.90 Safari/537.36",-,-,-,-,-
128,24-09-2019 10:57:40,6,192.168.43.238,192.168.43.182,54209,80,52,2591,0x00000018,GET,192.168.43.182,http://192.168.43.182/sa/3204/fonts/poppins/poppins-v5-latin-700.ttf,HTTP/1.1,"Mozilla/5.0 (Windows NT 10.0; Win64; x64) AppleWebKit/537.36 (KHTML, like Gecko) Chrome/77.0.3865.90 Safari/537.36",-,-,-,-,-
129,24-09-2019 10:57:40,6,192.168.43.238,192.168.43.182,54210,80,53,2599,0x00000018,GET,192.168.43.182,http://192.168.43.182/sa/3204/fonts/poppins/poppins-v5-latin-regular.ttf,HTTP/1.1,"Mozilla/5.0 (Windows NT 10.0; Win64; x64) AppleWebKit/537.36 (KHTML, like Gecko) Chrome/77.0.3865.90 Safari/537.36",-,-,-,-,-
130,24-09-2019 10:57:40,6,192.168.43.238,192.168.43.182,54208,80,48,135816,0x00000018,GET,192.168.43.182,http://192.168.43.182/sa/3204/fonts/poppins/poppins-v5-latin-500.ttf,HTTP/1.1,"Mozilla/5.0 (Windows NT 10.0; Win64; x64) AppleWebKit/537.36 (KHTML, like Gecko) Chrome/77.0.3865.90 Safari/537.36",-,-,-,-,-
131,24-09-2019 10:57:49,6,192.168.43.238,192.168.43.182,54212,80,55,1,0x00000018,GET,192.168.43.182,http://192.168.43.182/sa/3204/home.php,HTTP/1.1,"Mozilla/5.0 (Windows NT 10.0; Win64; x64) AppleWebKit/537.36 (KHTML, like Gecko) Chrome/77.0.3865.90 Safari/537.36",-,-,-,-,-
132,24-09-2019 10:57:50,6,192.168.43.238,192.168.43.182,54212,80,55,597,0x00000018,GET,192.168.43.182,http://192.168.43.182/sa/3204/home.php,HTTP/1.1,"Mozilla/5.0 (Windows NT 10.0; Win64; x64) AppleWebKit/537.36 (KHTML, like Gecko) Chrome/77.0.3865.90 Safari/537.36",-,-,-,-,-
133,24-09-2019 10:57:50,6,192.168.43.238,192.168.43.182,54214,80,59,1,0x00000018,GET,192.168.43.182,http://192.168.43.182/sa/3204/fonts/poppins/poppins-v5-latin-regular.woff2,HTTP/1.1,"Mozilla/5.0 (Windows NT 10.0; Win64; x64) AppleWebKit/537.36 (KHTML, like Gecko) Chrome/77.0.3865.90 Safari/537.36",-,-,-,-,-
134,24-09-2019 10:57:50,6,192.168.43.238,192.168.43.182,54213,80,58,1,0x00000018,GET,192.168.43.182,http://192.168.43.182/sa/3204/fonts/poppins/poppins-v5-latin-500.woff2,HTTP/1.1,"Mozilla/5.0 (Windows NT 10.0; Win64; x64) AppleWebKit/537.36 (KHTML, like Gecko) Chrome/77.0.3865.90 Safari/537.36",-,-,-,-,-
135,24-09-2019 10:57:50,6,192.168.43.238,192.168.43.182,54215,80,60,1,0x00000018,GET,192.168.43.182,http://192.168.43.182/sa/3204/fonts/poppins/poppins-v5-latin-700.woff2,HTTP/1.1,"Mozilla/5.0 (Windows NT 10.0; Win64; x64) AppleWebKit/537.36 (KHTML, like Gecko) Chrome/77.0.3865.90 Safari/537.36",-,-,-,-,-
136,24-09-2019 10:57:50,6,192.168.43.238,192.168.43.182,54214,80,59,523,0x00000018,GET,192.168.43.182,http://192.168.43.182/sa/3204/fonts/poppins/poppins-v5-latin-700.woff,HTTP/1.1,"Mozilla/5.0 (Windows NT 10.0; Win64; x64) AppleWebKit/537.36 (KHTML, like Gecko) Chrome/77.0.3865.90 Safari/537.36",-,-,-,-,-
137,24-09-2019 10:57:50,6,192.168.43.238,192.168.43.182,54213,80,58,519,0x00000018,GET,192.168.43.182,http://192.168.43.182/sa/3204/fonts/poppins/poppins-v5-latin-500.woff,HTTP/1.1,"Mozilla/5.0 (Windows NT 10.0; Win64; x64) AppleWebKit/537.36 (KHTML, like Gecko) Chrome/77.0.3865.90 Safari/537.36",-,-,-,-,-
138,24-09-2019 10:57:50,6,192.168.43.238,192.168.43.182,54215,80,60,519,0x00000018,GET,192.168.43.182,http://192.168.43.182/sa/3204/fonts/poppins/poppins-v5-latin-regular.woff,HTTP/1.1,"Mozilla/5.0 (Windows NT 10.0; Win64; x64) AppleWebKit/537.36 (KHTML, like Gecko) Chrome/77.0.3865.90 Safari/537.36",-,-,-,-,-
139,24-09-2019 10:57:50,6,192.168.43.238,192.168.43.182,54215,80,60,1040,0x00000018,GET,192.168.43.182,http://192.168.43.182/sa/3204/fonts/poppins/poppins-v5-latin-500.ttf,HTTP/1.1,"Mozilla/5.0 (Windows NT 10.0; Win64; x64) AppleWebKit/537.36 (KHTML, like Gecko) Chrome/77.0.3865.90 Safari/537.36",-,-,-,-,-
140,24-09-2019 10:57:50,6,192.168.43.238,192.168.43.182,54214,80,59,1040,0x00000018,GET,192.168.43.182,http://192.168.43.182/sa/3204/fonts/poppins/poppins-v5-latin-700.ttf,HTTP/1.1,"Mozilla/5.0 (Windows NT 10.0; Win64; x64) AppleWebKit/537.36 (KHTML, like Gecko) Chrome/77.0.3865.90 Safari/537.36",-,-,-,-,-
141,24-09-2019 10:57:50,6,192.168.43.238,192.168.43.182,54213,80,58,1036,0x00000018,GET,192.168.43.182,http://192.168.43.182/sa/3204/fonts/poppins/poppins-v5-latin-regular.ttf,HTTP/1.1,"Mozilla/5.0 (Windows NT 10.0; Win64; x64) AppleWebKit/537.36 (KHTML, like Gecko) Chrome/77.0.3865.90 Safari/537.36",-,-,-,-,-
142,24-09-2019 10:57:57,6,192.168.43.238,192.168.43.182,54217,80,61,1,0x00000018,GET,192.168.43.182,http://192.168.43.182/sa/3204/postfeed.php,HTTP/1.1,"Mozilla/5.0 (Windows NT 10.0; Win64; x64) AppleWebKit/537.36 (KHTML, like Gecko) Chrome/77.0.3865.90 Safari/537.36",-,-,-,-,-
143,24-09-2019 10:57:57,6,192.168.43.238,192.168.43.182,54217,80,61,596,0x00000018,GET,192.168.43.182,http://192.168.43.182/sa/3204/postfeed.php,HTTP/1.1,"Mozilla/5.0 (Windows NT 10.0; Win64; x64) AppleWebKit/537.36 (KHTML, like Gecko) Chrome/77.0.3865.90 Safari/537.36",-,-,-,-,-
144,24-09-2019 10:57:57,6,192.168.43.238,192.168.43.182,54220,80,65,1,0x00000018,GET,192.168.43.182,http://192.168.43.182/sa/3204/fonts/poppins/poppins-v5-latin-regular.woff2,HTTP/1.1,"Mozilla/5.0 (Windows NT 10.0; Win64; x64) AppleWebKit/537.36 (KHTML, like Gecko) Chrome/77.0.3865.90 Safari/537.36",-,-,-,-,-
145,24-09-2019 10:57:57,6,192.168.43.238,192.168.43.182,54219,80,64,1,0x00000018,GET,192.168.43.182,http://192.168.43.182/sa/3204/fonts/poppins/poppins-v5-latin-500.woff2,HTTP/1.1,"Mozilla/5.0 (Windows NT 10.0; Win64; x64) AppleWebKit/537.36 (KHTML, like Gecko) Chrome/77.0.3865.90 Safari/537.36",-,-,-,-,-
146,24-09-2019 10:57:57,6,192.168.43.238,192.168.43.182,54218,80,63,1,0x00000018,GET,192.168.43.182,http://192.168.43.182/sa/3204/fonts/poppins/poppins-v5-latin-700.woff2,HTTP/1.1,"Mozilla/5.0 (Windows NT 10.0; Win64; x64) AppleWebKit/537.36 (KHTML, like Gecko) Chrome/77.0.3865.90 Safari/537.36",-,-,-,-,-
147,24-09-2019 10:57:57,6,192.168.43.238,192.168.43.182,54220,80,65,523,0x00000018,GET,192.168.43.182,http://192.168.43.182/sa/3204/fonts/poppins/poppins-v5-latin-700.woff,HTTP/1.1,"Mozilla/5.0 (Windows NT 10.0; Win64; x64) AppleWebKit/537.36 (KHTML, like Gecko) Chrome/77.0.3865.90 Safari/537.36",-,-,-,-,-
148,24-09-2019 10:57:57,6,192.168.43.238,192.168.43.182,54219,80,64,519,0x00000018,GET,192.168.43.182,http://192.168.43.182/sa/3204/fonts/poppins/poppins-v5-latin-500.woff,HTTP/1.1,"Mozilla/5.0 (Windows NT 10.0; Win64; x64) AppleWebKit/537.36 (KHTML, like Gecko) Chrome/77.0.3865.90 Safari/537.36",-,-,-,-,-
149,24-09-2019 10:57:57,6,192.168.43.238,192.168.43.182,54218,80,63,519,0x00000018,GET,192.168.43.182,http://192.168.43.182/sa/3204/fonts/poppins/poppins-v5-latin-regular.woff,HTTP/1.1,"Mozilla/5.0 (Windows NT 10.0; Win64; x64) AppleWebKit/537.36 (KHTML, like Gecko) Chrome/77.0.3865.90 Safari/537.36",-,-,-,-,-
150,24-09-2019 10:57:57,6,192.168.43.238,192.168.43.182,54220,80,65,1040,0x00000018,GET,192.168.43.182,http://192.168.43.182/sa/3204/fonts/poppins/poppins-v5-latin-regular.ttf,HTTP/1.1,"Mozilla/5.0 (Windows NT 10.0; Win64; x64) AppleWebKit/537.36 (KHTML, like Gecko) Chrome/77.0.3865.90 Safari/537.36",-,-,-,-,-
151,24-09-2019 10:57:57,6,192.168.43.238,192.168.43.182,54219,80,64,1036,0x00000018,GET,192.168.43.182,http://192.168.43.182/sa/3204/fonts/poppins/poppins-v5-latin-500.ttf,HTTP/1.1,"Mozilla/5.0 (Windows NT 10.0; Win64; x64) AppleWebKit/537.36 (KHTML, like Gecko) Chrome/77.0.3865.90 Safari/537.36",-,-,-,-,-
152,24-09-2019 10:57:57,6,192.168.43.238,192.168.43.182,54218,80,63,1040,0x00000018,GET,192.168.43.182,http://192.168.43.182/sa/3204/fonts/poppins/poppins-v5-latin-700.ttf,HTTP/1.1,"Mozilla/5.0 (Windows NT 10.0; Win64; x64) AppleWebKit/537.36 (KHTML, like Gecko) Chrome/77.0.3865.90 Safari/537.36",-,-,-,-,-
153,24-09-2019 10:58:03,6,192.168.43.238,192.168.43.182,54221,80,67,1,0x00000018,GET,192.168.43.182,http://192.168.43.182/sa/3204/postfeedhandler.php?feedbody=LALALA%21%21%21,HTTP/1.1,"Mozilla/5.0 (Windows NT 10.0; Win64; x64) AppleWebKit/537.36 (KHTML, like Gecko) Chrome/77.0.3865.90 Safari/537.36",feedbody=LALALA%21%21%21,feedbody=LALALA%21%21%21,-,-,-
154,24-09-2019 10:58:03,6,192.168.43.238,192.168.43.182,54221,80,67,632,0x00000018,GET,192.168.43.182,http://192.168.43.182/sa/3204/home.php,HTTP/1.1,"Mozilla/5.0 (Windows NT 10.0; Win64; x64) AppleWebKit/537.36 (KHTML, like Gecko) Chrome/77.0.3865.90 Safari/537.36",-,-,-,-,-
155,24-09-2019 10:58:03,6,192.168.43.238,192.168.43.182,54221,80,67,1227,0x00000018,GET,192.168.43.182,http://192.168.43.182/sa/3204/home.php,HTTP/1.1,"Mozilla/5.0 (Windows NT 10.0; Win64; x64) AppleWebKit/537.36 (KHTML, like Gecko) Chrome/77.0.3865.90 Safari/537.36",-,-,-,-,-
156,24-09-2019 10:58:03,6,192.168.43.238,192.168.43.182,54222,80,71,1,0x00000018,GET,192.168.43.182,http://192.168.43.182/sa/3204/fonts/poppins/poppins-v5-latin-regular.woff2,HTTP/1.1,"Mozilla/5.0 (Windows NT 10.0; Win64; x64) AppleWebKit/537.36 (KHTML, like Gecko) Chrome/77.0.3865.90 Safari/537.36",-,-,-,-,-
157,24-09-2019 10:58:03,6,192.168.43.238,192.168.43.182,54224,80,73,1,0x00000018,GET,192.168.43.182,http://192.168.43.182/sa/3204/fonts/poppins/poppins-v5-latin-500.woff2,HTTP/1.1,"Mozilla/5.0 (Windows NT 10.0; Win64; x64) AppleWebKit/537.36 (KHTML, like Gecko) Chrome/77.0.3865.90 Safari/537.36",-,-,-,-,-
158,24-09-2019 10:58:03,6,192.168.43.238,192.168.43.182,54223,80,72,1,0x00000018,GET,192.168.43.182,http://192.168.43.182/sa/3204/fonts/poppins/poppins-v5-latin-700.woff2,HTTP/1.1,"Mozilla/5.0 (Windows NT 10.0; Win64; x64) AppleWebKit/537.36 (KHTML, like Gecko) Chrome/77.0.3865.90 Safari/537.36",-,-,-,-,-
159,24-09-2019 10:58:03,6,192.168.43.238,192.168.43.182,54223,80,72,519,0x00000018,GET,192.168.43.182,http://192.168.43.182/sa/3204/fonts/poppins/poppins-v5-latin-regular.woff,HTTP/1.1,"Mozilla/5.0 (Windows NT 10.0; Win64; x64) AppleWebKit/537.36 (KHTML, like Gecko) Chrome/77.0.3865.90 Safari/537.36",-,-,-,-,-
160,24-09-2019 10:58:03,6,192.168.43.238,192.168.43.182,54224,80,73,519,0x00000018,GET,192.168.43.182,http://192.168.43.182/sa/3204/fonts/poppins/poppins-v5-latin-500.woff,HTTP/1.1,"Mozilla/5.0 (Windows NT 10.0; Win64; x64) AppleWebKit/537.36 (KHTML, like Gecko) Chrome/77.0.3865.90 Safari/537.36",-,-,-,-,-
161,24-09-2019 10:58:03,6,192.168.43.238,192.168.43.182,54222,80,71,523,0x00000018,GET,192.168.43.182,http://192.168.43.182/sa/3204/fonts/poppins/poppins-v5-latin-700.woff,HTTP/1.1,"Mozilla/5.0 (Windows NT 10.0; Win64; x64) AppleWebKit/537.36 (KHTML, like Gecko) Chrome/77.0.3865.90 Safari/537.36",-,-,-,-,-
162,24-09-2019 10:58:03,6,192.168.43.238,192.168.43.182,54222,80,71,1040,0x00000018,GET,192.168.43.182,http://192.168.43.182/sa/3204/fonts/poppins/poppins-v5-latin-regular.ttf,HTTP/1.1,"Mozilla/5.0 (Windows NT 10.0; Win64; x64) AppleWebKit/537.36 (KHTML, like Gecko) Chrome/77.0.3865.90 Safari/537.36",-,-,-,-,-
163,24-09-2019 10:58:03,6,192.168.43.238,192.168.43.182,54224,80,73,1036,0x00000018,GET,192.168.43.182,http://192.168.43.182/sa/3204/fonts/poppins/poppins-v5-latin-500.ttf,HTTP/1.1,"Mozilla/5.0 (Windows NT 10.0; Win64; x64) AppleWebKit/537.36 (KHTML, like Gecko) Chrome/77.0.3865.90 Safari/537.36",-,-,-,-,-
164,24-09-2019 10:58:03,6,192.168.43.238,192.168.43.182,54223,80,72,1040,0x00000018,GET,192.168.43.182,http://192.168.43.182/sa/3204/fonts/poppins/poppins-v5-latin-700.ttf,HTTP/1.1,"Mozilla/5.0 (Windows NT 10.0; Win64; x64) AppleWebKit/537.36 (KHTML, like Gecko) Chrome/77.0.3865.90 Safari/537.36",-,-,-,-,-
165,24-09-2019 10:58:06,6,192.168.43.238,192.168.43.182,54221,80,67,1709,0x00000018,GET,192.168.43.182,http://192.168.43.182/sa/3204/postupload.php,HTTP/1.1,"Mozilla/5.0 (Windows NT 10.0; Win64; x64) AppleWebKit/537.36 (KHTML, like Gecko) Chrome/77.0.3865.90 Safari/537.36",-,-,-,-,-
166,24-09-2019 10:58:06,6,192.168.43.238,192.168.43.182,54221,80,67,1709,0x00000018,GET,192.168.43.182,http://192.168.43.182/sa/3204/postupload.php,HTTP/1.1,"Mozilla/5.0 (Windows NT 10.0; Win64; x64) AppleWebKit/537.36 (KHTML, like Gecko) Chrome/77.0.3865.90 Safari/537.36",-,-,-,-,-
167,24-09-2019 10:58:07,6,192.168.43.238,192.168.43.182,54221,80,67,2306,0x00000018,GET,192.168.43.182,http://192.168.43.182/sa/3204/postupload.php,HTTP/1.1,"Mozilla/5.0 (Windows NT 10.0; Win64; x64) AppleWebKit/537.36 (KHTML, like Gecko) Chrome/77.0.3865.90 Safari/537.36",-,-,-,-,-
168,24-09-2019 10:58:07,6,192.168.43.238,192.168.43.182,54223,80,72,1556,0x00000018,GET,192.168.43.182,http://192.168.43.182/sa/3204/fonts/poppins/poppins-v5-latin-regular.woff2,HTTP/1.1,"Mozilla/5.0 (Windows NT 10.0; Win64; x64) AppleWebKit/537.36 (KHTML, like Gecko) Chrome/77.0.3865.90 Safari/537.36",-,-,-,-,-
169,24-09-2019 10:58:07,6,192.168.43.238,192.168.43.182,54224,80,73,1552,0x00000018,GET,192.168.43.182,http://192.168.43.182/sa/3204/fonts/poppins/poppins-v5-latin-500.woff2,HTTP/1.1,"Mozilla/5.0 (Windows NT 10.0; Win64; x64) AppleWebKit/537.36 (KHTML, like Gecko) Chrome/77.0.3865.90 Safari/537.36",-,-,-,-,-
170,24-09-2019 10:58:07,6,192.168.43.238,192.168.43.182,54222,80,71,1560,0x00000018,GET,192.168.43.182,http://192.168.43.182/sa/3204/fonts/poppins/poppins-v5-latin-700.woff2,HTTP/1.1,"Mozilla/5.0 (Windows NT 10.0; Win64; x64) AppleWebKit/537.36 (KHTML, like Gecko) Chrome/77.0.3865.90 Safari/537.36",-,-,-,-,-
171,24-09-2019 10:58:07,6,192.168.43.238,192.168.43.182,54222,80,71,2078,0x00000018,GET,192.168.43.182,http://192.168.43.182/sa/3204/fonts/poppins/poppins-v5-latin-500.woff,HTTP/1.1,"Mozilla/5.0 (Windows NT 10.0; Win64; x64) AppleWebKit/537.36 (KHTML, like Gecko) Chrome/77.0.3865.90 Safari/537.36",-,-,-,-,-
172,24-09-2019 10:58:07,6,192.168.43.238,192.168.43.182,54223,80,72,2078,0x00000018,GET,192.168.43.182,http://192.168.43.182/sa/3204/fonts/poppins/poppins-v5-latin-regular.woff,HTTP/1.1,"Mozilla/5.0 (Windows NT 10.0; Win64; x64) AppleWebKit/537.36 (KHTML, like Gecko) Chrome/77.0.3865.90 Safari/537.36",-,-,-,-,-
173,24-09-2019 10:58:07,6,192.168.43.238,192.168.43.182,54224,80,73,2070,0x00000018,GET,192.168.43.182,http://192.168.43.182/sa/3204/fonts/poppins/poppins-v5-latin-700.woff,HTTP/1.1,"Mozilla/5.0 (Windows NT 10.0; Win64; x64) AppleWebKit/537.36 (KHTML, like Gecko) Chrome/77.0.3865.90 Safari/537.36",-,-,-,-,-
174,24-09-2019 10:58:07,6,192.168.43.238,192.168.43.182,54224,80,73,2587,0x00000018,GET,192.168.43.182,http://192.168.43.182/sa/3204/fonts/poppins/poppins-v5-latin-regular.ttf,HTTP/1.1,"Mozilla/5.0 (Windows NT 10.0; Win64; x64) AppleWebKit/537.36 (KHTML, like Gecko) Chrome/77.0.3865.90 Safari/537.36",-,-,-,-,-
175,24-09-2019 10:58:07,6,192.168.43.238,192.168.43.182,54222,80,71,2595,0x00000018,GET,192.168.43.182,http://192.168.43.182/sa/3204/fonts/poppins/poppins-v5-latin-500.ttf,HTTP/1.1,"Mozilla/5.0 (Windows NT 10.0; Win64; x64) AppleWebKit/537.36 (KHTML, like Gecko) Chrome/77.0.3865.90 Safari/537.36",-,-,-,-,-
176,24-09-2019 10:58:07,6,192.168.43.238,192.168.43.182,54223,80,72,2599,0x00000018,GET,192.168.43.182,http://192.168.43.182/sa/3204/fonts/poppins/poppins-v5-latin-700.ttf,HTTP/1.1,"Mozilla/5.0 (Windows NT 10.0; Win64; x64) AppleWebKit/537.36 (KHTML, like Gecko) Chrome/77.0.3865.90 Safari/537.36",-,-,-,-,-
177,24-09-2019 10:58:16,6,192.168.43.238,192.168.43.182,54226,80,76,116893,0x00000018,POST,192.168.43.182,http://192.168.43.182/sa/3204/postuploadhandler.php,HTTP/1.1,"Mozilla/5.0 (Windows NT 10.0; Win64; x64) AppleWebKit/537.36 (KHTML, like Gecko) Chrome/77.0.3865.90 Safari/537.36",-,-,-,-,-
178,24-09-2019 10:58:16,6,192.168.43.238,192.168.43.182,54226,80,76,120583,0x00000018,GET,192.168.43.182,http://192.168.43.182/sa/3204/home.php,HTTP/1.1,"Mozilla/5.0 (Windows NT 10.0; Win64; x64) AppleWebKit/537.36 (KHTML, like Gecko) Chrome/77.0.3865.90 Safari/537.36",-,-,-,-,-
179,24-09-2019 10:58:19,6,192.168.43.238,192.168.43.182,54226,80,76,121206,0x00000018,GET,192.168.43.182,http://192.168.43.182/sa/3204/home.php,HTTP/1.1,"Mozilla/5.0 (Windows NT 10.0; Win64; x64) AppleWebKit/537.36 (KHTML, like Gecko) Chrome/77.0.3865.90 Safari/537.36",-,-,-,-,-
180,24-09-2019 10:58:19,6,192.168.43.238,192.168.43.182,54227,80,80,1,0x00000018,GET,192.168.43.182,http://192.168.43.182/sa/3204/fonts/poppins/poppins-v5-latin-regular.woff2,HTTP/1.1,"Mozilla/5.0 (Windows NT 10.0; Win64; x64) AppleWebKit/537.36 (KHTML, like Gecko) Chrome/77.0.3865.90 Safari/537.36",-,-,-,-,-
181,24-09-2019 10:58:19,6,192.168.43.238,192.168.43.182,54229,80,82,1,0x00000018,GET,192.168.43.182,http://192.168.43.182/sa/3204/fonts/poppins/poppins-v5-latin-500.woff2,HTTP/1.1,"Mozilla/5.0 (Windows NT 10.0; Win64; x64) AppleWebKit/537.36 (KHTML, like Gecko) Chrome/77.0.3865.90 Safari/537.36",-,-,-,-,-
182,24-09-2019 10:58:19,6,192.168.43.238,192.168.43.182,54228,80,81,1,0x00000018,GET,192.168.43.182,http://192.168.43.182/sa/3204/fonts/poppins/poppins-v5-latin-700.woff2,HTTP/1.1,"Mozilla/5.0 (Windows NT 10.0; Win64; x64) AppleWebKit/537.36 (KHTML, like Gecko) Chrome/77.0.3865.90 Safari/537.36",-,-,-,-,-
183,24-09-2019 10:58:19,6,192.168.43.238,192.168.43.182,54228,80,81,519,0x00000018,GET,192.168.43.182,http://192.168.43.182/sa/3204/fonts/poppins/poppins-v5-latin-500.woff,HTTP/1.1,"Mozilla/5.0 (Windows NT 10.0; Win64; x64) AppleWebKit/537.36 (KHTML, like Gecko) Chrome/77.0.3865.90 Safari/537.36",-,-,-,-,-
184,24-09-2019 10:58:19,6,192.168.43.238,192.168.43.182,54227,80,80,523,0x00000018,GET,192.168.43.182,http://192.168.43.182/sa/3204/fonts/poppins/poppins-v5-latin-regular.woff,HTTP/1.1,"Mozilla/5.0 (Windows NT 10.0; Win64; x64) AppleWebKit/537.36 (KHTML, like Gecko) Chrome/77.0.3865.90 Safari/537.36",-,-,-,-,-
185,24-09-2019 10:58:19,6,192.168.43.238,192.168.43.182,54229,80,82,519,0x00000018,GET,192.168.43.182,http://192.168.43.182/sa/3204/fonts/poppins/poppins-v5-latin-700.woff,HTTP/1.1,"Mozilla/5.0 (Windows NT 10.0; Win64; x64) AppleWebKit/537.36 (KHTML, like Gecko) Chrome/77.0.3865.90 Safari/537.36",-,-,-,-,-
186,24-09-2019 10:58:19,6,192.168.43.238,192.168.43.182,54227,80,80,1044,0x00000018,GET,192.168.43.182,http://192.168.43.182/sa/3204/fonts/poppins/poppins-v5-latin-700.ttf,HTTP/1.1,"Mozilla/5.0 (Windows NT 10.0; Win64; x64) AppleWebKit/537.36 (KHTML, like Gecko) Chrome/77.0.3865.90 Safari/537.36",-,-,-,-,-
187,24-09-2019 10:58:19,6,192.168.43.238,192.168.43.182,54228,80,81,1036,0x00000018,GET,192.168.43.182,http://192.168.43.182/sa/3204/fonts/poppins/poppins-v5-latin-500.ttf,HTTP/1.1,"Mozilla/5.0 (Windows NT 10.0; Win64; x64) AppleWebKit/537.36 (KHTML, like Gecko) Chrome/77.0.3865.90 Safari/537.36",-,-,-,-,-
188,24-09-2019 10:58:19,6,192.168.43.238,192.168.43.182,54229,80,82,1036,0x00000018,GET,192.168.43.182,http://192.168.43.182/sa/3204/fonts/poppins/poppins-v5-latin-regular.ttf,HTTP/1.1,"Mozilla/5.0 (Windows NT 10.0; Win64; x64) AppleWebKit/537.36 (KHTML, like Gecko) Chrome/77.0.3865.90 Safari/537.36",-,-,-,-,-
189,24-09-2019 10:58:26,6,192.168.43.238,192.168.43.182,54230,80,83,1,0x00000018,GET,192.168.43.182,http://192.168.43.182/sa/3204/viewImage.php,HTTP/1.1,"Mozilla/5.0 (Windows NT 10.0; Win64; x64) AppleWebKit/537.36 (KHTML, like Gecko) Chrome/77.0.3865.90 Safari/537.36",-,-,-,-,-
190,24-09-2019 10:58:26,6,192.168.43.238,192.168.43.182,54230,80,83,597,0x00000018,GET,192.168.43.182,http://192.168.43.182/sa/3204/viewImage.php,HTTP/1.1,"Mozilla/5.0 (Windows NT 10.0; Win64; x64) AppleWebKit/537.36 (KHTML, like Gecko) Chrome/77.0.3865.90 Safari/537.36",-,-,-,-,-
191,24-09-2019 10:58:26,6,192.168.43.238,192.168.43.182,54230,80,83,1089,0x00000018,GET,192.168.43.182,http://192.168.43.182/sa/3204/fonts/poppins/poppins-v5-latin-regular.woff2,HTTP/1.1,"Mozilla/5.0 (Windows NT 10.0; Win64; x64) AppleWebKit/537.36 (KHTML, like Gecko) Chrome/77.0.3865.90 Safari/537.36",-,-,-,-,-
192,24-09-2019 10:58:26,6,192.168.43.238,192.168.43.182,54231,80,84,1,0x00000018,GET,192.168.43.182,http://192.168.43.182/sa/3204/fonts/poppins/poppins-v5-latin-500.woff2,HTTP/1.1,"Mozilla/5.0 (Windows NT 10.0; Win64; x64) AppleWebKit/537.36 (KHTML, like Gecko) Chrome/77.0.3865.90 Safari/537.36",-,-,-,-,-
193,24-09-2019 10:58:26,6,192.168.43.238,192.168.43.182,54232,80,85,1,0x00000018,GET,192.168.43.182,http://192.168.43.182/sa/3204/fonts/poppins/poppins-v5-latin-700.woff2,HTTP/1.1,"Mozilla/5.0 (Windows NT 10.0; Win64; x64) AppleWebKit/537.36 (KHTML, like Gecko) Chrome/77.0.3865.90 Safari/537.36",-,-,-,-,-
194,24-09-2019 10:58:26,6,192.168.43.238,192.168.43.182,54231,80,84,519,0x00000018,GET,192.168.43.182,http://192.168.43.182/sa/3204/fonts/poppins/poppins-v5-latin-regular.woff,HTTP/1.1,"Mozilla/5.0 (Windows NT 10.0; Win64; x64) AppleWebKit/537.36 (KHTML, like Gecko) Chrome/77.0.3865.90 Safari/537.36",-,-,-,-,-
195,24-09-2019 10:58:26,6,192.168.43.238,192.168.43.182,54230,80,83,1611,0x00000018,GET,192.168.43.182,http://192.168.43.182/sa/3204/fonts/poppins/poppins-v5-latin-500.woff,HTTP/1.1,"Mozilla/5.0 (Windows NT 10.0; Win64; x64) AppleWebKit/537.36 (KHTML, like Gecko) Chrome/77.0.3865.90 Safari/537.36",-,-,-,-,-
196,24-09-2019 10:58:26,6,192.168.43.238,192.168.43.182,54232,80,85,519,0x00000018,GET,192.168.43.182,http://192.168.43.182/sa/3204/fonts/poppins/poppins-v5-latin-700.woff,HTTP/1.1,"Mozilla/5.0 (Windows NT 10.0; Win64; x64) AppleWebKit/537.36 (KHTML, like Gecko) Chrome/77.0.3865.90 Safari/537.36",-,-,-,-,-
197,24-09-2019 10:58:26,6,192.168.43.238,192.168.43.182,54230,80,83,2128,0x00000018,GET,192.168.43.182,http://192.168.43.182/sa/3204/fonts/poppins/poppins-v5-latin-regular.ttf,HTTP/1.1,"Mozilla/5.0 (Windows NT 10.0; Win64; x64) AppleWebKit/537.36 (KHTML, like Gecko) Chrome/77.0.3865.90 Safari/537.36",-,-,-,-,-
198,24-09-2019 10:58:26,6,192.168.43.238,192.168.43.182,54232,80,85,1036,0x00000018,GET,192.168.43.182,http://192.168.43.182/sa/3204/fonts/poppins/poppins-v5-latin-700.ttf,HTTP/1.1,"Mozilla/5.0 (Windows NT 10.0; Win64; x64) AppleWebKit/537.36 (KHTML, like Gecko) Chrome/77.0.3865.90 Safari/537.36",-,-,-,-,-
199,24-09-2019 10:58:26,6,192.168.43.238,192.168.43.182,54231,80,84,1040,0x00000018,GET,192.168.43.182,http://192.168.43.182/sa/3204/fonts/poppins/poppins-v5-latin-500.ttf,HTTP/1.1,"Mozilla/5.0 (Windows NT 10.0; Win64; x64) AppleWebKit/537.36 (KHTML, like Gecko) Chrome/77.0.3865.90 Safari/537.36",-,-,-,-,-
200,24-09-2019 10:58:35,6,192.168.43.238,192.168.43.182,54233,80,86,1,0x00000018,GET,192.168.43.182,http://192.168.43.182/sa/3204/postfeed.php,HTTP/1.1,"Mozilla/5.0 (Windows NT 10.0; Win64; x64) AppleWebKit/537.36 (KHTML, like Gecko) Chrome/77.0.3865.90 Safari/537.36",-,-,-,-,-
201,24-09-2019 10:58:35,6,192.168.43.238,192.168.43.182,54233,80,86,601,0x00000018,GET,192.168.43.182,http://192.168.43.182/sa/3204/postfeed.php,HTTP/1.1,"Mozilla/5.0 (Windows NT 10.0; Win64; x64) AppleWebKit/537.36 (KHTML, like Gecko) Chrome/77.0.3865.90 Safari/537.36",-,-,-,-,-
202,24-09-2019 10:58:35,6,192.168.43.238,192.168.43.182,54234,80,89,1,0x00000018,GET,192.168.43.182,http://192.168.43.182/sa/3204/fonts/poppins/poppins-v5-latin-regular.woff2,HTTP/1.1,"Mozilla/5.0 (Windows NT 10.0; Win64; x64) AppleWebKit/537.36 (KHTML, like Gecko) Chrome/77.0.3865.90 Safari/537.36",-,-,-,-,-
203,24-09-2019 10:58:35,6,192.168.43.238,192.168.43.182,54235,80,90,1,0x00000018,GET,192.168.43.182,http://192.168.43.182/sa/3204/fonts/poppins/poppins-v5-latin-500.woff2,HTTP/1.1,"Mozilla/5.0 (Windows NT 10.0; Win64; x64) AppleWebKit/537.36 (KHTML, like Gecko) Chrome/77.0.3865.90 Safari/537.36",-,-,-,-,-
204,24-09-2019 10:58:35,6,192.168.43.238,192.168.43.182,54236,80,91,1,0x00000018,GET,192.168.43.182,http://192.168.43.182/sa/3204/fonts/poppins/poppins-v5-latin-700.woff2,HTTP/1.1,"Mozilla/5.0 (Windows NT 10.0; Win64; x64) AppleWebKit/537.36 (KHTML, like Gecko) Chrome/77.0.3865.90 Safari/537.36",-,-,-,-,-
205,24-09-2019 10:58:35,6,192.168.43.238,192.168.43.182,54235,80,90,519,0x00000018,GET,192.168.43.182,http://192.168.43.182/sa/3204/fonts/poppins/poppins-v5-latin-regular.woff,HTTP/1.1,"Mozilla/5.0 (Windows NT 10.0; Win64; x64) AppleWebKit/537.36 (KHTML, like Gecko) Chrome/77.0.3865.90 Safari/537.36",-,-,-,-,-
206,24-09-2019 10:58:35,6,192.168.43.238,192.168.43.182,54236,80,91,519,0x00000018,GET,192.168.43.182,http://192.168.43.182/sa/3204/fonts/poppins/poppins-v5-latin-700.woff,HTTP/1.1,"Mozilla/5.0 (Windows NT 10.0; Win64; x64) AppleWebKit/537.36 (KHTML, like Gecko) Chrome/77.0.3865.90 Safari/537.36",-,-,-,-,-
207,24-09-2019 10:58:35,6,192.168.43.238,192.168.43.182,54234,80,89,523,0x00000018,GET,192.168.43.182,http://192.168.43.182/sa/3204/fonts/poppins/poppins-v5-latin-500.woff,HTTP/1.1,"Mozilla/5.0 (Windows NT 10.0; Win64; x64) AppleWebKit/537.36 (KHTML, like Gecko) Chrome/77.0.3865.90 Safari/537.36",-,-,-,-,-
208,24-09-2019 10:58:35,6,192.168.43.238,192.168.43.182,54236,80,91,1036,0x00000018,GET,192.168.43.182,http://192.168.43.182/sa/3204/fonts/poppins/poppins-v5-latin-500.ttf,HTTP/1.1,"Mozilla/5.0 (Windows NT 10.0; Win64; x64) AppleWebKit/537.36 (KHTML, like Gecko) Chrome/77.0.3865.90 Safari/537.36",-,-,-,-,-
209,24-09-2019 10:58:35,6,192.168.43.238,192.168.43.182,54235,80,90,1040,0x00000018,GET,192.168.43.182,http://192.168.43.182/sa/3204/fonts/poppins/poppins-v5-latin-regular.ttf,HTTP/1.1,"Mozilla/5.0 (Windows NT 10.0; Win64; x64) AppleWebKit/537.36 (KHTML, like Gecko) Chrome/77.0.3865.90 Safari/537.36",-,-,-,-,-
210,24-09-2019 10:58:35,6,192.168.43.238,192.168.43.182,54234,80,89,1040,0x00000018,GET,192.168.43.182,http://192.168.43.182/sa/3204/fonts/poppins/poppins-v5-latin-700.ttf,HTTP/1.1,"Mozilla/5.0 (Windows NT 10.0; Win64; x64) AppleWebKit/537.36 (KHTML, like Gecko) Chrome/77.0.3865.90 Safari/537.36",-,-,-,-,-
211,24-09-2019 10:58:45,6,192.168.43.238,192.168.43.182,54237,80,92,1,0x00000018,GET,192.168.43.182,http://192.168.43.182/sa/3204/postfeedhandler.php?feedbody=ssd+zzz,HTTP/1.1,"Mozilla/5.0 (Windows NT 10.0; Win64; x64) AppleWebKit/537.36 (KHTML, like Gecko) Chrome/77.0.3865.90 Safari/537.36",feedbody=ssd+zzz,feedbody=ssd+zzz,-,-,-
212,24-09-2019 10:58:45,6,192.168.43.238,192.168.43.182,54237,80,92,624,0x00000018,GET,192.168.43.182,http://192.168.43.182/sa/3204/home.php,HTTP/1.1,"Mozilla/5.0 (Windows NT 10.0; Win64; x64) AppleWebKit/537.36 (KHTML, like Gecko) Chrome/77.0.3865.90 Safari/537.36",-,-,-,-,-
213,24-09-2019 10:58:46,6,192.168.43.238,192.168.43.182,54237,80,92,1219,0x00000018,GET,192.168.43.182,http://192.168.43.182/sa/3204/home.php,HTTP/1.1,"Mozilla/5.0 (Windows NT 10.0; Win64; x64) AppleWebKit/537.36 (KHTML, like Gecko) Chrome/77.0.3865.90 Safari/537.36",-,-,-,-,-
214,24-09-2019 10:58:46,6,192.168.43.238,192.168.43.182,54238,80,96,1,0x00000018,GET,192.168.43.182,http://192.168.43.182/sa/3204/fonts/poppins/poppins-v5-latin-regular.woff2,HTTP/1.1,"Mozilla/5.0 (Windows NT 10.0; Win64; x64) AppleWebKit/537.36 (KHTML, like Gecko) Chrome/77.0.3865.90 Safari/537.36",-,-,-,-,-
215,24-09-2019 10:58:46,6,192.168.43.238,192.168.43.182,54239,80,97,1,0x00000018,GET,192.168.43.182,http://192.168.43.182/sa/3204/fonts/poppins/poppins-v5-latin-500.woff2,HTTP/1.1,"Mozilla/5.0 (Windows NT 10.0; Win64; x64) AppleWebKit/537.36 (KHTML, like Gecko) Chrome/77.0.3865.90 Safari/537.36",-,-,-,-,-
216,24-09-2019 10:58:46,6,192.168.43.238,192.168.43.182,54240,80,98,1,0x00000018,GET,192.168.43.182,http://192.168.43.182/sa/3204/fonts/poppins/poppins-v5-latin-700.woff2,HTTP/1.1,"Mozilla/5.0 (Windows NT 10.0; Win64; x64) AppleWebKit/537.36 (KHTML, like Gecko) Chrome/77.0.3865.90 Safari/537.36",-,-,-,-,-
217,24-09-2019 10:58:46,6,192.168.43.238,192.168.43.182,54239,80,97,519,0x00000018,GET,192.168.43.182,http://192.168.43.182/sa/3204/fonts/poppins/poppins-v5-latin-700.woff,HTTP/1.1,"Mozilla/5.0 (Windows NT 10.0; Win64; x64) AppleWebKit/537.36 (KHTML, like Gecko) Chrome/77.0.3865.90 Safari/537.36",-,-,-,-,-
218,24-09-2019 10:58:46,6,192.168.43.238,192.168.43.182,54238,80,96,523,0x00000018,GET,192.168.43.182,http://192.168.43.182/sa/3204/fonts/poppins/poppins-v5-latin-regular.woff,HTTP/1.1,"Mozilla/5.0 (Windows NT 10.0; Win64; x64) AppleWebKit/537.36 (KHTML, like Gecko) Chrome/77.0.3865.90 Safari/537.36",-,-,-,-,-
219,24-09-2019 10:58:46,6,192.168.43.238,192.168.43.182,54240,80,98,519,0x00000018,GET,192.168.43.182,http://192.168.43.182/sa/3204/fonts/poppins/poppins-v5-latin-500.woff,HTTP/1.1,"Mozilla/5.0 (Windows NT 10.0; Win64; x64) AppleWebKit/537.36 (KHTML, like Gecko) Chrome/77.0.3865.90 Safari/537.36",-,-,-,-,-
220,24-09-2019 10:58:46,6,192.168.43.238,192.168.43.182,54239,80,97,1036,0x00000018,GET,192.168.43.182,http://192.168.43.182/sa/3204/fonts/poppins/poppins-v5-latin-500.ttf,HTTP/1.1,"Mozilla/5.0 (Windows NT 10.0; Win64; x64) AppleWebKit/537.36 (KHTML, like Gecko) Chrome/77.0.3865.90 Safari/537.36",-,-,-,-,-
221,24-09-2019 10:58:46,6,192.168.43.238,192.168.43.182,54238,80,96,1044,0x00000018,GET,192.168.43.182,http://192.168.43.182/sa/3204/fonts/poppins/poppins-v5-latin-regular.ttf,HTTP/1.1,"Mozilla/5.0 (Windows NT 10.0; Win64; x64) AppleWebKit/537.36 (KHTML, like Gecko) Chrome/77.0.3865.90 Safari/537.36",-,-,-,-,-
222,24-09-2019 10:58:46,6,192.168.43.238,192.168.43.182,54240,80,98,1036,0x00000018,GET,192.168.43.182,http://192.168.43.182/sa/3204/fonts/poppins/poppins-v5-latin-700.ttf,HTTP/1.1,"Mozilla/5.0 (Windows NT 10.0; Win64; x64) AppleWebKit/537.36 (KHTML, like Gecko) Chrome/77.0.3865.90 Safari/537.36",-,-,-,-,-
223,24-09-2019 10:58:58,6,192.168.43.238,192.168.43.182,54241,80,99,1,0x00000018,GET,192.168.43.182,http://192.168.43.182/sa/3204/postupload.php,HTTP/1.1,"Mozilla/5.0 (Windows NT 10.0; Win64; x64) AppleWebKit/537.36 (KHTML, like Gecko) Chrome/77.0.3865.90 Safari/537.36",-,-,-,-,-
224,24-09-2019 10:58:59,6,192.168.43.238,192.168.43.182,54241,80,99,598,0x00000018,GET,192.168.43.182,http://192.168.43.182/sa/3204/postupload.php,HTTP/1.1,"Mozilla/5.0 (Windows NT 10.0; Win64; x64) AppleWebKit/537.36 (KHTML, like Gecko) Chrome/77.0.3865.90 Safari/537.36",-,-,-,-,-
225,24-09-2019 10:58:59,6,192.168.43.238,192.168.43.182,54242,80,102,1,0x00000018,GET,192.168.43.182,http://192.168.43.182/sa/3204/fonts/poppins/poppins-v5-latin-regular.woff2,HTTP/1.1,"Mozilla/5.0 (Windows NT 10.0; Win64; x64) AppleWebKit/537.36 (KHTML, like Gecko) Chrome/77.0.3865.90 Safari/537.36",-,-,-,-,-
226,24-09-2019 10:58:59,6,192.168.43.238,192.168.43.182,54244,80,104,1,0x00000018,GET,192.168.43.182,http://192.168.43.182/sa/3204/fonts/poppins/poppins-v5-latin-500.woff2,HTTP/1.1,"Mozilla/5.0 (Windows NT 10.0; Win64; x64) AppleWebKit/537.36 (KHTML, like Gecko) Chrome/77.0.3865.90 Safari/537.36",-,-,-,-,-
227,24-09-2019 10:58:59,6,192.168.43.238,192.168.43.182,54243,80,103,1,0x00000018,GET,192.168.43.182,http://192.168.43.182/sa/3204/fonts/poppins/poppins-v5-latin-700.woff2,HTTP/1.1,"Mozilla/5.0 (Windows NT 10.0; Win64; x64) AppleWebKit/537.36 (KHTML, like Gecko) Chrome/77.0.3865.90 Safari/537.36",-,-,-,-,-
228,24-09-2019 10:58:59,6,192.168.43.238,192.168.43.182,54244,80,104,519,0x00000018,GET,192.168.43.182,http://192.168.43.182/sa/3204/fonts/poppins/poppins-v5-latin-regular.woff,HTTP/1.1,"Mozilla/5.0 (Windows NT 10.0; Win64; x64) AppleWebKit/537.36 (KHTML, like Gecko) Chrome/77.0.3865.90 Safari/537.36",-,-,-,-,-
229,24-09-2019 10:58:59,6,192.168.43.238,192.168.43.182,54243,80,103,519,0x00000018,GET,192.168.43.182,http://192.168.43.182/sa/3204/fonts/poppins/poppins-v5-latin-700.woff,HTTP/1.1,"Mozilla/5.0 (Windows NT 10.0; Win64; x64) AppleWebKit/537.36 (KHTML, like Gecko) Chrome/77.0.3865.90 Safari/537.36",-,-,-,-,-
230,24-09-2019 10:58:59,6,192.168.43.238,192.168.43.182,54242,80,102,523,0x00000018,GET,192.168.43.182,http://192.168.43.182/sa/3204/fonts/poppins/poppins-v5-latin-500.woff,HTTP/1.1,"Mozilla/5.0 (Windows NT 10.0; Win64; x64) AppleWebKit/537.36 (KHTML, like Gecko) Chrome/77.0.3865.90 Safari/537.36",-,-,-,-,-
231,24-09-2019 10:58:59,6,192.168.43.238,192.168.43.182,54242,80,102,1040,0x00000018,GET,192.168.43.182,http://192.168.43.182/sa/3204/fonts/poppins/poppins-v5-latin-regular.ttf,HTTP/1.1,"Mozilla/5.0 (Windows NT 10.0; Win64; x64) AppleWebKit/537.36 (KHTML, like Gecko) Chrome/77.0.3865.90 Safari/537.36",-,-,-,-,-
232,24-09-2019 10:58:59,6,192.168.43.238,192.168.43.182,54243,80,103,1036,0x00000018,GET,192.168.43.182,http://192.168.43.182/sa/3204/fonts/poppins/poppins-v5-latin-700.ttf,HTTP/1.1,"Mozilla/5.0 (Windows NT 10.0; Win64; x64) AppleWebKit/537.36 (KHTML, like Gecko) Chrome/77.0.3865.90 Safari/537.36",-,-,-,-,-
233,24-09-2019 10:58:59,6,192.168.43.238,192.168.43.182,54244,80,104,1040,0x00000018,GET,192.168.43.182,http://192.168.43.182/sa/3204/fonts/poppins/poppins-v5-latin-500.ttf,HTTP/1.1,"Mozilla/5.0 (Windows NT 10.0; Win64; x64) AppleWebKit/537.36 (KHTML, like Gecko) Chrome/77.0.3865.90 Safari/537.36",-,-,-,-,-
234,24-09-2019 10:59:03,6,192.168.43.238,192.168.43.182,54242,80,102,133736,0x00000018,POST,192.168.43.182,http://192.168.43.182/sa/3204/postuploadhandler.php,HTTP/1.1,"Mozilla/5.0 (Windows NT 10.0; Win64; x64) AppleWebKit/537.36 (KHTML, like Gecko) Chrome/77.0.3865.90 Safari/537.36",-,-,-,-,-
235,24-09-2019 10:59:04,6,192.168.43.238,192.168.43.182,54242,80,102,134143,0x00000018,GET,192.168.43.182,http://192.168.43.182/sa/3204/home.php,HTTP/1.1,"Mozilla/5.0 (Windows NT 10.0; Win64; x64) AppleWebKit/537.36 (KHTML, like Gecko) Chrome/77.0.3865.90 Safari/537.36",-,-,-,-,-
236,24-09-2019 10:59:05,6,192.168.43.238,192.168.43.182,54242,80,102,134766,0x00000018,GET,192.168.43.182,http://192.168.43.182/sa/3204/home.php,HTTP/1.1,"Mozilla/5.0 (Windows NT 10.0; Win64; x64) AppleWebKit/537.36 (KHTML, like Gecko) Chrome/77.0.3865.90 Safari/537.36",-,-,-,-,-
237,24-09-2019 10:59:05,6,192.168.43.238,192.168.43.182,54247,80,109,1,0x00000018,GET,192.168.43.182,http://192.168.43.182/sa/3204/fonts/poppins/poppins-v5-latin-regular.woff2,HTTP/1.1,"Mozilla/5.0 (Windows NT 10.0; Win64; x64) AppleWebKit/537.36 (KHTML, like Gecko) Chrome/77.0.3865.90 Safari/537.36",-,-,-,-,-
238,24-09-2019 10:59:05,6,192.168.43.238,192.168.43.182,54246,80,108,1,0x00000018,GET,192.168.43.182,http://192.168.43.182/sa/3204/fonts/poppins/poppins-v5-latin-500.woff2,HTTP/1.1,"Mozilla/5.0 (Windows NT 10.0; Win64; x64) AppleWebKit/537.36 (KHTML, like Gecko) Chrome/77.0.3865.90 Safari/537.36",-,-,-,-,-
239,24-09-2019 10:59:05,6,192.168.43.238,192.168.43.182,54248,80,110,1,0x00000018,GET,192.168.43.182,http://192.168.43.182/sa/3204/fonts/poppins/poppins-v5-latin-700.woff2,HTTP/1.1,"Mozilla/5.0 (Windows NT 10.0; Win64; x64) AppleWebKit/537.36 (KHTML, like Gecko) Chrome/77.0.3865.90 Safari/537.36",-,-,-,-,-
240,24-09-2019 10:59:05,6,192.168.43.238,192.168.43.182,54248,80,110,519,0x00000018,GET,192.168.43.182,http://192.168.43.182/sa/3204/fonts/poppins/poppins-v5-latin-500.woff,HTTP/1.1,"Mozilla/5.0 (Windows NT 10.0; Win64; x64) AppleWebKit/537.36 (KHTML, like Gecko) Chrome/77.0.3865.90 Safari/537.36",-,-,-,-,-
241,24-09-2019 10:59:05,6,192.168.43.238,192.168.43.182,54247,80,109,523,0x00000018,GET,192.168.43.182,http://192.168.43.182/sa/3204/fonts/poppins/poppins-v5-latin-regular.woff,HTTP/1.1,"Mozilla/5.0 (Windows NT 10.0; Win64; x64) AppleWebKit/537.36 (KHTML, like Gecko) Chrome/77.0.3865.90 Safari/537.36",-,-,-,-,-
242,24-09-2019 10:59:05,6,192.168.43.238,192.168.43.182,54246,80,108,519,0x00000018,GET,192.168.43.182,http://192.168.43.182/sa/3204/fonts/poppins/poppins-v5-latin-700.woff,HTTP/1.1,"Mozilla/5.0 (Windows NT 10.0; Win64; x64) AppleWebKit/537.36 (KHTML, like Gecko) Chrome/77.0.3865.90 Safari/537.36",-,-,-,-,-
243,24-09-2019 10:59:05,6,192.168.43.238,192.168.43.182,54246,80,108,1036,0x00000018,GET,192.168.43.182,http://192.168.43.182/sa/3204/fonts/poppins/poppins-v5-latin-regular.ttf,HTTP/1.1,"Mozilla/5.0 (Windows NT 10.0; Win64; x64) AppleWebKit/537.36 (KHTML, like Gecko) Chrome/77.0.3865.90 Safari/537.36",-,-,-,-,-
244,24-09-2019 10:59:05,6,192.168.43.238,192.168.43.182,54248,80,110,1036,0x00000018,GET,192.168.43.182,http://192.168.43.182/sa/3204/fonts/poppins/poppins-v5-latin-500.ttf,HTTP/1.1,"Mozilla/5.0 (Windows NT 10.0; Win64; x64) AppleWebKit/537.36 (KHTML, like Gecko) Chrome/77.0.3865.90 Safari/537.36",-,-,-,-,-
245,24-09-2019 10:59:05,6,192.168.43.238,192.168.43.182,54247,80,109,1044,0x00000018,GET,192.168.43.182,http://192.168.43.182/sa/3204/fonts/poppins/poppins-v5-latin-700.ttf,HTTP/1.1,"Mozilla/5.0 (Windows NT 10.0; Win64; x64) AppleWebKit/537.36 (KHTML, like Gecko) Chrome/77.0.3865.90 Safari/537.36",-,-,-,-,-
246,24-09-2019 10:59:22,6,192.168.43.238,192.168.43.182,54249,80,111,1,0x00000018,GET,192.168.43.182,http://192.168.43.182/sa/3204/postupload.php,HTTP/1.1,"Mozilla/5.0 (Windows NT 10.0; Win64; x64) AppleWebKit/537.36 (KHTML, like Gecko) Chrome/77.0.3865.90 Safari/537.36",-,-,-,-,-
247,24-09-2019 10:59:22,6,192.168.43.238,192.168.43.182,54249,80,111,598,0x00000018,GET,192.168.43.182,http://192.168.43.182/sa/3204/postupload.php,HTTP/1.1,"Mozilla/5.0 (Windows NT 10.0; Win64; x64) AppleWebKit/537.36 (KHTML, like Gecko) Chrome/77.0.3865.90 Safari/537.36",-,-,-,-,-
248,24-09-2019 10:59:22,6,192.168.43.238,192.168.43.182,54251,80,115,1,0x00000018,GET,192.168.43.182,http://192.168.43.182/sa/3204/fonts/poppins/poppins-v5-latin-regular.woff2,HTTP/1.1,"Mozilla/5.0 (Windows NT 10.0; Win64; x64) AppleWebKit/537.36 (KHTML, like Gecko) Chrome/77.0.3865.90 Safari/537.36",-,-,-,-,-
249,24-09-2019 10:59:22,6,192.168.43.238,192.168.43.182,54250,80,114,1,0x00000018,GET,192.168.43.182,http://192.168.43.182/sa/3204/fonts/poppins/poppins-v5-latin-500.woff2,HTTP/1.1,"Mozilla/5.0 (Windows NT 10.0; Win64; x64) AppleWebKit/537.36 (KHTML, like Gecko) Chrome/77.0.3865.90 Safari/537.36",-,-,-,-,-
250,24-09-2019 10:59:22,6,192.168.43.238,192.168.43.182,54252,80,116,1,0x00000018,GET,192.168.43.182,http://192.168.43.182/sa/3204/fonts/poppins/poppins-v5-latin-700.woff2,HTTP/1.1,"Mozilla/5.0 (Windows NT 10.0; Win64; x64) AppleWebKit/537.36 (KHTML, like Gecko) Chrome/77.0.3865.90 Safari/537.36",-,-,-,-,-
251,24-09-2019 10:59:22,6,192.168.43.238,192.168.43.182,54251,80,115,523,0x00000018,GET,192.168.43.182,http://192.168.43.182/sa/3204/fonts/poppins/poppins-v5-latin-500.woff,HTTP/1.1,"Mozilla/5.0 (Windows NT 10.0; Win64; x64) AppleWebKit/537.36 (KHTML, like Gecko) Chrome/77.0.3865.90 Safari/537.36",-,-,-,-,-
252,24-09-2019 10:59:22,6,192.168.43.238,192.168.43.182,54250,80,114,519,0x00000018,GET,192.168.43.182,http://192.168.43.182/sa/3204/fonts/poppins/poppins-v5-latin-regular.woff,HTTP/1.1,"Mozilla/5.0 (Windows NT 10.0; Win64; x64) AppleWebKit/537.36 (KHTML, like Gecko) Chrome/77.0.3865.90 Safari/537.36",-,-,-,-,-
253,24-09-2019 10:59:22,6,192.168.43.238,192.168.43.182,54252,80,116,519,0x00000018,GET,192.168.43.182,http://192.168.43.182/sa/3204/fonts/poppins/poppins-v5-latin-700.woff,HTTP/1.1,"Mozilla/5.0 (Windows NT 10.0; Win64; x64) AppleWebKit/537.36 (KHTML, like Gecko) Chrome/77.0.3865.90 Safari/537.36",-,-,-,-,-
254,24-09-2019 10:59:22,6,192.168.43.238,192.168.43.182,54250,80,114,1040,0x00000018,GET,192.168.43.182,http://192.168.43.182/sa/3204/fonts/poppins/poppins-v5-latin-500.ttf,HTTP/1.1,"Mozilla/5.0 (Windows NT 10.0; Win64; x64) AppleWebKit/537.36 (KHTML, like Gecko) Chrome/77.0.3865.90 Safari/537.36",-,-,-,-,-
255,24-09-2019 10:59:22,6,192.168.43.238,192.168.43.182,54251,80,115,1040,0x00000018,GET,192.168.43.182,http://192.168.43.182/sa/3204/fonts/poppins/poppins-v5-latin-regular.ttf,HTTP/1.1,"Mozilla/5.0 (Windows NT 10.0; Win64; x64) AppleWebKit/537.36 (KHTML, like Gecko) Chrome/77.0.3865.90 Safari/537.36",-,-,-,-,-
256,24-09-2019 10:59:22,6,192.168.43.238,192.168.43.182,54251,80,115,1560,0x00000018,GET,192.168.43.182,http://192.168.43.182/sa/3204/fonts/poppins/poppins-v5-latin-700.ttf,HTTP/1.1,"Mozilla/5.0 (Windows NT 10.0; Win64; x64) AppleWebKit/537.36 (KHTML, like Gecko) Chrome/77.0.3865.90 Safari/537.36",-,-,-,-,-
257,24-09-2019 10:59:25,6,192.168.43.238,192.168.43.182,54251,80,115,2076,0x00000018,GET,192.168.43.182,http://192.168.43.182/sa/3204/viewImage.php,HTTP/1.1,"Mozilla/5.0 (Windows NT 10.0; Win64; x64) AppleWebKit/537.36 (KHTML, like Gecko) Chrome/77.0.3865.90 Safari/537.36",-,-,-,-,-
258,24-09-2019 10:59:25,6,192.168.43.238,192.168.43.182,54251,80,115,2678,0x00000018,GET,192.168.43.182,http://192.168.43.182/sa/3204/viewImage.php,HTTP/1.1,"Mozilla/5.0 (Windows NT 10.0; Win64; x64) AppleWebKit/537.36 (KHTML, like Gecko) Chrome/77.0.3865.90 Safari/537.36",-,-,-,-,-
259,24-09-2019 10:59:25,6,192.168.43.238,192.168.43.182,54251,80,115,3170,0x00000018,GET,192.168.43.182,http://192.168.43.182/sa/3204/fonts/poppins/poppins-v5-latin-regular.woff2,HTTP/1.1,"Mozilla/5.0 (Windows NT 10.0; Win64; x64) AppleWebKit/537.36 (KHTML, like Gecko) Chrome/77.0.3865.90 Safari/537.36",-,-,-,-,-
260,24-09-2019 10:59:25,6,192.168.43.238,192.168.43.182,54252,80,116,1036,0x00000018,GET,192.168.43.182,http://192.168.43.182/sa/3204/fonts/poppins/poppins-v5-latin-500.woff2,HTTP/1.1,"Mozilla/5.0 (Windows NT 10.0; Win64; x64) AppleWebKit/537.36 (KHTML, like Gecko) Chrome/77.0.3865.90 Safari/537.36",-,-,-,-,-
261,24-09-2019 10:59:25,6,192.168.43.238,192.168.43.182,54250,80,114,1556,0x00000018,GET,192.168.43.182,http://192.168.43.182/sa/3204/fonts/poppins/poppins-v5-latin-700.woff2,HTTP/1.1,"Mozilla/5.0 (Windows NT 10.0; Win64; x64) AppleWebKit/537.36 (KHTML, like Gecko) Chrome/77.0.3865.90 Safari/537.36",-,-,-,-,-
262,24-09-2019 10:59:25,6,192.168.43.238,192.168.43.182,54252,80,116,1554,0x00000018,GET,192.168.43.182,http://192.168.43.182/sa/3204/fonts/poppins/poppins-v5-latin-regular.woff,HTTP/1.1,"Mozilla/5.0 (Windows NT 10.0; Win64; x64) AppleWebKit/537.36 (KHTML, like Gecko) Chrome/77.0.3865.90 Safari/537.36",-,-,-,-,-
263,24-09-2019 10:59:25,6,192.168.43.238,192.168.43.182,54250,80,114,2074,0x00000018,GET,192.168.43.182,http://192.168.43.182/sa/3204/fonts/poppins/poppins-v5-latin-700.woff,HTTP/1.1,"Mozilla/5.0 (Windows NT 10.0; Win64; x64) AppleWebKit/537.36 (KHTML, like Gecko) Chrome/77.0.3865.90 Safari/537.36",-,-,-,-,-
264,24-09-2019 10:59:25,6,192.168.43.238,192.168.43.182,54251,80,115,3692,0x00000018,GET,192.168.43.182,http://192.168.43.182/sa/3204/fonts/poppins/poppins-v5-latin-500.woff,HTTP/1.1,"Mozilla/5.0 (Windows NT 10.0; Win64; x64) AppleWebKit/537.36 (KHTML, like Gecko) Chrome/77.0.3865.90 Safari/537.36",-,-,-,-,-
265,24-09-2019 10:59:25,6,192.168.43.238,192.168.43.182,54252,80,116,2075,0x00000018,GET,192.168.43.182,http://192.168.43.182/sa/3204/fonts/poppins/poppins-v5-latin-regular.ttf,HTTP/1.1,"Mozilla/5.0 (Windows NT 10.0; Win64; x64) AppleWebKit/537.36 (KHTML, like Gecko) Chrome/77.0.3865.90 Safari/537.36",-,-,-,-,-
266,24-09-2019 10:59:25,6,192.168.43.238,192.168.43.182,54252,80,116,2595,0x00000018,GET,192.168.43.182,http://192.168.43.182/sa/3204/fonts/poppins/poppins-v5-latin-500.ttf,HTTP/1.1,"Mozilla/5.0 (Windows NT 10.0; Win64; x64) AppleWebKit/537.36 (KHTML, like Gecko) Chrome/77.0.3865.90 Safari/537.36",-,-,-,-,-
267,24-09-2019 10:59:25,6,192.168.43.238,192.168.43.182,54250,80,114,2591,0x00000018,GET,192.168.43.182,http://192.168.43.182/sa/3204/fonts/poppins/poppins-v5-latin-700.ttf,HTTP/1.1,"Mozilla/5.0 (Windows NT 10.0; Win64; x64) AppleWebKit/537.36 (KHTML, like Gecko) Chrome/77.0.3865.90 Safari/537.36",-,-,-,-,-
268,24-09-2019 10:59:44,6,192.168.43.238,192.168.43.182,54254,80,117,1,0x00000018,GET,192.168.43.182,http://192.168.43.182/sa/3204/logout.php,HTTP/1.1,"Mozilla/5.0 (Windows NT 10.0; Win64; x64) AppleWebKit/537.36 (KHTML, like Gecko) Chrome/77.0.3865.90 Safari/537.36",-,-,-,-,-
269,24-09-2019 10:59:44,6,192.168.43.238,192.168.43.182,54254,80,117,599,0x00000018,GET,192.168.43.182,http://192.168.43.182/sa/3204/login.php,HTTP/1.1,"Mozilla/5.0 (Windows NT 10.0; Win64; x64) AppleWebKit/537.36 (KHTML, like Gecko) Chrome/77.0.3865.90 Safari/537.36",-,-,-,-,-
270,24-09-2019 10:59:45,6,192.168.43.238,192.168.43.182,54254,80,117,1196,0x00000018,GET,192.168.43.182,http://192.168.43.182/sa/3204/fonts/poppins/poppins-v5-latin-regular.woff2,HTTP/1.1,"Mozilla/5.0 (Windows NT 10.0; Win64; x64) AppleWebKit/537.36 (KHTML, like Gecko) Chrome/77.0.3865.90 Safari/537.36",-,-,-,-,-
271,24-09-2019 10:59:45,6,192.168.43.238,192.168.43.182,54254,80,117,1718,0x00000018,GET,192.168.43.182,http://192.168.43.182/sa/3204/fonts/poppins/poppins-v5-latin-regular.woff,HTTP/1.1,"Mozilla/5.0 (Windows NT 10.0; Win64; x64) AppleWebKit/537.36 (KHTML, like Gecko) Chrome/77.0.3865.90 Safari/537.36",-,-,-,-,-
272,24-09-2019 10:59:45,6,192.168.43.238,192.168.43.182,54254,80,117,2239,0x00000018,GET,192.168.43.182,http://192.168.43.182/sa/3204/fonts/poppins/poppins-v5-latin-regular.ttf,HTTP/1.1,"Mozilla/5.0 (Windows NT 10.0; Win64; x64) AppleWebKit/537.36 (KHTML, like Gecko) Chrome/77.0.3865.90 Safari/537.36",-,-,-,-,-
